train_number_clean,train_name,from_station_code,from_station_name,to_station_code,to_station_name,distance_km,duration_hours,duration_minutes
11108,Varanasi-Gwalior Bundelkhand Express,BSB,VARANASI JN,GWL,GWALIOR JN,624.0,14.0,50.0
11109,Jhansi-Lucknow Intercity Express,JHS,JHANSI JN,LKO,LUCKNOW,292.0,5.0,50.0
11110,Lucknow-Jhansi InterCity,LKO,LUCKNOW,JHS,JHANSI JN,292.0,6.0,5.0
11123,Barauni-Gwalior Mail,BJU,BARAUNI JN,GWL,GWALIOR JN,1055.0,26.0,15.0
11124,Gwalior Barauni Mail,GWL,GWALIOR JN,BJU,BARAUNI JN,1055.0,25.0,20.0
11125,Indore Gwalior Express,INDB,INDORE JN BG,GWL,GWALIOR JN,562.0,12.0,10.0
11126,Gwalior Indore Express,GWL,GWALIOR JN,INDB,INDORE JN BG,562.0,12.0,20.0
11454,Prerna Express,NGP,NAGPUR,ADI,AHMEDABAD JN,959.0,18.0,5.0
11105,Pratham Swatantrata Sangram Express,KOAA,KOLKATA CHITPUR,JHS,JHANSI JN,1326.0,25.0,25.0
11106,Pratham Swatantrata Sangram Express,JHS,JHANSI JN,KOAA,KOLKATA CHITPUR,1326.0,25.0,5.0
11266,AMBIKAPUR - JABALPUR Exp,ABKP,AMBIKAPUR,JBP,JABALPUR,433.0,8.0,50.0
11401,Nandigram Express,CSTM,MUMBAI CST,NGP,NAGPUR,1139.0,23.0,40.0
11402,Nandigram Express,NGP,NAGPUR,CSTM,MUMBAI CST,1139.0,23.0,40.0
11403,NAGPUR - KOLHAPUR EXP,NGP,NAGPUR,KOP,C SHAHU M RAJ KOLHAPUR TERM,1038.0,24.0,25.0
11404,KOLHAPUR - NAGPUR EXP,KOP,C SHAHU M RAJ KOLHAPUR TERM,NGP,NAGPUR,1038.0,23.0,45.0
11423,Solapur - Hubli Express,SUR,SOLAPUR JN,UBL,HUBLI JN,358.0,8.0,5.0
11424,Hubli Jn - Solapur Express,UBL,HUBLI JN,SUR,SOLAPUR JN,357.0,8.0,15.0
11447,JABALPUR - KOL HOWRAH Shaktipunj Exp,JBP,JABALPUR,HWH,HOWRAH JN,1152.0,27.0,45.0
11448,HOWRAH - JABALPUR Shaktipunj Exp,HWH,HOWRAH JN,JBP,JABALPUR,1152.0,25.0,15.0
11449,JABALPUR - SHRI MATA VAISHNO DEVI KATRA Express,JBP,JABALPUR,SVDK,S M V D KATRA,1509.0,31.0,10.0
11450,SHRI MATA VAISHNO DEVI KATRA - JABALPUR Express,SVDK,S M V D KATRA,JBP,JABALPUR,1509.0,32.0,55.0
11451,JABALPUR - REWA Intercity Exp,JBP,JABALPUR,REWA,REWA,238.0,4.0,35.0
11452,REWA - JABALPUR Intercity Exp,REWA,REWA,JBP,JABALPUR,238.0,4.0,25.0
11453,Prerna Express,ADI,AHMEDABAD JN,NGP,NAGPUR,959.0,19.0,50.0
11463,Somnath-Jabalpur Express,SMNH,SOMNATH,JBP,JABALPUR,1415.0,29.0,30.0
11464,Jabalpur-Somnath Express,JBP,JABALPUR,SMNH,SOMNATH,1415.0,29.0,55.0
11471,Indore-Jabalpur Overnight Express,INDB,INDORE JN BG,JBP,JABALPUR,555.0,11.0,55.0
11472,Jabalpur-Indore Express,JBP,JABALPUR,INDB,INDORE JN BG,555.0,11.0,30.0
12189,JABALPUR - DELHI H NIZAMUDDIN Mahakoshal SF Exp,JBP,JABALPUR,NZM,DELHI H NIZAMUDDIN,961.0,17.0,25.0
11465,SOMNATH - JABALPUR Exp (via Bina),SMNH,SOMNATH,JBP,JABALPUR,1570.0,32.0,50.0
11466,JABALPUR - SOMNATH Exp (via Bina),JBP,JABALPUR,SMNH,SOMNATH,1570.0,31.0,55.0
11702,INDORE - JABALPUR Intercity Exp,INDB,INDORE JN BG,JBP,JABALPUR,761.0,16.0,10.0
12107,Mumbai LTT Lucknow Superfast Express,LTT,LOKMANYA TILAK TERM,LJN,LUCKNOW JN,1410.0,22.0,45.0
12108,Lucknow Mumbai LTT Superfast Express,LJN,LUCKNOW JN,LTT,LOKMANYA TILAK TERM,1409.0,24.0,0.0
12110,Panchavati Express,MMR,MANMAD JN,CSTM,MUMBAI CST,261.0,4.0,35.0
12118,Manmad-Mumbai LTT Express,MMR,MANMAD JN,LTT,LOKMANYA TILAK TERM,245.0,4.0,25.0
12101,MUMBAI LTT - HOWRAH Janeswari Super Deluxe Exp,LTT,LOKMANYA TILAK TERM,HWH,HOWRAH JN,1952.0,31.0,0.0
12102,HOWRAH - MUMBAI LTT Janeswari Super Deluxe Exp,HWH,HOWRAH JN,LTT,LOKMANYA TILAK TERM,1952.0,30.0,50.0
12103,Pune Lucknow Jn SuperFast Express,PUNE,PUNE JN,LJN,LUCKNOW JN,1478.0,24.0,55.0
12104,Lucknow Jn - Pune Express,LJN,LUCKNOW JN,PUNE,PUNE JN,1477.0,25.0,35.0
12105,Vidarbha Express,CSTM,MUMBAI CST,G,GONDIA JN,968.0,16.0,0.0
12106,Vidarbha Express,G,GONDIA JN,CSTM,MUMBAI CST,968.0,15.0,55.0
12109,Panchavati Express,CSTM,MUMBAI CST,MMR,MANMAD JN,261.0,4.0,35.0
12111,Mumbai CST-Amaravati SF Express,CSTM,MUMBAI CST,AMI,Amravati,673.0,12.0,10.0
12112,Amaravati-Mumbai CST Express,AMI,Amravati,CSTM,MUMBAI CST,673.0,11.0,30.0
12113,Pune-Nagpur Garib Rath Express,PUNE,PUNE JN,NGP,NAGPUR,890.0,15.0,45.0
12114,Nagpur-Pune Garib Rath,NGP,NAGPUR,PUNE,PUNE JN,890.0,15.0,10.0
12115,Siddheshwar Express,CSTM,MUMBAI CST,SUR,SOLAPUR JN,455.0,8.0,15.0
12116,Siddheshwar Express,SUR,SOLAPUR JN,CSTM,MUMBAI CST,455.0,8.0,15.0
12117,Mumbai LTT- Manmad Express,LTT,LOKMANYA TILAK TERM,MMR,MANMAD JN,245.0,4.0,25.0
12119,Amaravati Nagpur Express,AMI,Amravati,NGP,NAGPUR,184.0,3.0,20.0
12120,Nagpur Amravati Express,NGP,NAGPUR,AMI,Amravati,184.0,3.0,20.0
12122,DELHI H NIZAMUDDIN - JABALPUR S Kranti Exp,NZM,DELHI H NIZAMUDDIN,JBP,JABALPUR,909.0,14.0,35.0
12135,Pune -Nagpur SuperFast Express,PUNE,PUNE JN,NGP,NAGPUR,890.0,15.0,45.0
12136,Nagpur Pune Express,NGP,NAGPUR,PUNE,PUNE JN,890.0,15.0,10.0
12137,Punjab Mail,CSTM,MUMBAI CST,FZR,FIROZPUR CANT,1930.0,34.0,0.0
12138,Punjab Mail,FZR,FIROZPUR CANT,CSTM,MUMBAI CST,1930.0,33.0,55.0
12139,Sevagram Express,CSTM,MUMBAI CST,NGP,NAGPUR,838.0,15.0,10.0
12140,Sevagram Express,NGP,NAGPUR,CSTM,MUMBAI CST,838.0,15.0,0.0
12143,LTT Sultanpur Superfast Weekly Express,LTT,LOKMANYA TILAK TERM,SLN,SULTANPUR,1550.0,27.0,5.0
12144,Sultanpur-LTT Weekly SF Express,SLN,SULTANPUR,LTT,LOKMANYA TILAK TERM,1550.0,28.0,15.0
12148,Nizamuddin-Kolhapur Express,NZM,DELHI H NIZAMUDDIN,KOP,C SHAHU M RAJ KOLHAPUR TERM,1915.0,34.0,20.0
12161,Lashkar Superfast Express,LTT,LOKMANYA TILAK TERM,AGC,AGRA CANTT,1334.0,20.0,30.0
12162,Lashkar Express,AGC,AGRA CANTT,LTT,LOKMANYA TILAK TERM,1334.0,22.0,55.0
51817,Agra Fort Bandikui Pass,AF,AGRA FORT,BKI,BANDIKUI JN,150.0,3.0,30.0
12123,Deccan Queen SF Express,CSTM,MUMBAI CST,PUNE,PUNE JN,192.0,3.0,15.0
12124,Deccan Queen SF Express,PUNE,PUNE JN,CSTM,MUMBAI CST,192.0,3.0,10.0
12125,Pragati Superfast Express,CSTM,MUMBAI CST,PUNE,PUNE JN,192.0,3.0,28.0
12126,Pragati Superfast Express,PUNE,PUNE JN,CSTM,MUMBAI CST,192.0,3.0,20.0
12127,MumbaiCST-Pune SF InterCity,CSTM,MUMBAI CST,PUNE,PUNE JN,192.0,3.0,7.0
12128,Pune-MumbaiCST Intercity Express,PUNE,PUNE JN,CSTM,MUMBAI CST,192.0,3.0,5.0
12129,PUNE - HOWRAH Azad Hind SF Exp,PUNE,PUNE JN,HWH,HOWRAH JN,2020.0,33.0,25.0
12130,HOWRAH - PUNE Azad Hind SF Exp,HWH,HOWRAH JN,PUNE,PUNE JN,2020.0,32.0,55.0
12131,Mumbai Dadar-Sainagar Shirdi Express,DR,MUMBAI DADAR CENTRAL,SNSI,SAINAGAR SHIRDI,336.0,6.0,6.0
12132,Sainagar Shirdi-Mumbai Dadar Express,SNSI,SAINAGAR SHIRDI,DR,MUMBAI DADAR CENTRAL,336.0,6.0,5.0
12133,MUMBAI CST - MANGALORE Exp,CSTM,MUMBAI CST,MAJN,MANGALORE JN,1195.0,14.0,10.0
12134,MANGALORE - MUMBAI CST Exp,MAJN,MANGALORE JN,CSTM,MUMBAI CST,1195.0,14.0,25.0
12141,MUMBAI LTT - PATLIPUTRA SF Exp,LTT,LOKMANYA TILAK TERM,PPTA,PATLIPUTRA,1714.0,29.0,15.0
12145,MUMBAI LTT - PURI SF Exp,LTT,LOKMANYA TILAK TERM,PURI,PURI,1818.0,32.0,55.0
12147,Kolhapur-Nizamuddin Express,KOP,C SHAHU M RAJ KOLHAPUR TERM,NZM,DELHI H NIZAMUDDIN,1915.0,32.0,0.0
12149,PUNE - PATLIPUTRA SF Exp,PUNE,PUNE JN,PPTA,PATLIPUTRA,1781.0,31.0,5.0
12150,PATLIPUTRA - PUNE SF Exp,PPTA,PATLIPUTRA,PUNE,PUNE JN,1780.0,30.0,35.0
12151,MUMBAI LTT - HOWRAH Samarsata SF Exp,LTT,LOKMANYA TILAK TERM,HWH,HOWRAH JN,2082.0,35.0,50.0
12152,HOWRAH - MUMBAI LTT Samarsata SF Exp,HWH,HOWRAH JN,LTT,LOKMANYA TILAK TERM,2082.0,34.0,15.0
12153,Lokmanya Tilak (T) Habibganj Express,LTT,LOKMANYA TILAK TERM,HBJ,HABIBGANJ,822.0,13.0,5.0
12154,Habibganj LTT Superfast Express,HBJ,HABIBGANJ,LTT,LOKMANYA TILAK TERM,822.0,13.0,10.0
12155,Shaan-e-Bhopal Express,HBJ,HABIBGANJ,NZM,DELHI H NIZAMUDDIN,700.0,11.0,0.0
12156,Shaan E Bhopal SF Express,NZM,DELHI H NIZAMUDDIN,HBJ,HABIBGANJ,700.0,10.0,5.0
12157,Hutatma Express,PUNE,PUNE JN,SUR,SOLAPUR JN,264.0,4.0,0.0
12158,Hutatma Express,SUR,SOLAPUR JN,PUNE,PUNE JN,264.0,4.0,0.0
12159,Amravati -Jabalpur Express,AMI,Amravati,JBP,JABALPUR,726.0,13.0,0.0
12160,Jabalpur - Amravati Express,JBP,JABALPUR,AMI,Amravati,726.0,13.0,0.0
12166,VARANASI - MUMBAI LTT Ratnagiri SF Exp,BSB,VARANASI JN,LTT,LOKMANYA TILAK TERM,1483.0,25.0,15.0
12167,MUMBAI LTT - VARANASI SF Exp,LTT,LOKMANYA TILAK TERM,BSB,VARANASI JN,1480.0,27.0,15.0
12168,VARANASI - MUMBAI LTT SF Exp,BSB,VARANASI JN,LTT,LOKMANYA TILAK TERM,1480.0,26.0,5.0
12169,Pune Solapur InterCity Express,PUNE,PUNE JN,SUR,SOLAPUR JN,264.0,4.0,0.0
12170,Solapur Pune Intercity Express,SUR,SOLAPUR JN,PUNE,PUNE JN,264.0,4.0,5.0
12171,Mumbai LTT -Haridwar AC Express,LTT,LOKMANYA TILAK TERM,HW,HARIDWAR JN,1772.0,29.0,20.0
12172,Haridwar-Mumbai LTT AC Express,HW,HARIDWAR JN,LTT,LOKMANYA TILAK TERM,1772.0,29.0,5.0
12173,Udyog Nagri Express,LTT,LOKMANYA TILAK TERM,PBH,PARTAPGARH JN,1583.0,26.0,30.0
12174,Udyog Nagri Express,PBH,PARTAPGARH JN,LTT,LOKMANYA TILAK TERM,1583.0,28.0,25.0
12177,Chambal Express,HWH,HOWRAH JN,MTJ,MATHURA JN,1475.0,26.0,45.0
12178,Chambal Express,MTJ,MATHURA JN,HWH,HOWRAH JN,1475.0,26.0,25.0
12183,Bhopal Partapgarh Express,BPL,BHOPAL JN,PBH,PARTAPGARH JN,758.0,13.0,40.0
12184,Pratapgarh-Bhopal Express,PBH,PARTAPGARH JN,BPL,BHOPAL JN,756.0,13.0,40.0
12185,BHOPAL HABIBGANJ - REWA Rewanchal Exp,HBJ,HABIBGANJ,REWA,REWA,554.0,10.0,0.0
12186,REWA - BHOPAL HABIBGANJ Rewanchal Exp,REWA,REWA,HBJ,HABIBGANJ,554.0,10.0,0.0
12187,Jabalpur-CST Garib Rath Express,JBP,JABALPUR,CSTM,MUMBAI CST,997.0,16.0,45.0
12188,Mumbai-Jabalpur Garib Rath Express,CSTM,MUMBAI CST,JBP,JABALPUR,997.0,16.0,30.0
12194,Partapgarh Bhopal SuperFast Express,PBH,PARTAPGARH JN,BPL,BHOPAL JN,756.0,13.0,40.0
12195,Agra Fort - Ajmer Express,AF,AGRA FORT,AII,AJMER JN,376.0,6.0,35.0
12196,Ajmer-Agra Fort Express,AII,AJMER JN,AF,AGRA FORT,376.0,6.0,20.0
12176,Chambal Express,GWL,GWALIOR JN,HWH,HOWRAH JN,1303.0,23.0,40.0
12179,Lucknow Agra Intercity SF Express,LJN,LUCKNOW JN,AGC,AGRA CANTT,330.0,5.0,50.0
12180,Agra Lucknow Intercity SF Express,AGC,AGRA CANTT,LJN,LUCKNOW JN,330.0,5.0,35.0
12190,DELHI H NIZAMUDDIN - JABALPUR Mahakoshal SF Exp,NZM,DELHI H NIZAMUDDIN,JBP,JABALPUR,961.0,17.0,25.0
12191,Shridham Express,NDLS,NEW DELHI,JBP,JABALPUR,1038.0,17.0,10.0
12192,Jabalpur-New Delhi Superfast Express,JBP,JABALPUR,NDLS,NEW DELHI,1038.0,17.0,55.0
12197,Bhopal Gwalior InterCity Express,BPL,BHOPAL JN,GWL,GWALIOR JN,485.0,8.0,25.0
12198,Gwalior Bhopal InterCity Express,GWL,GWALIOR JN,BPL,BHOPAL JN,485.0,8.0,45.0
12201,MUMBAI LTT - KOCHUVELI Garib Rath Exp,LTT,LOKMANYA TILAK TERM,KCVL,KOCHUVELI,1812.0,27.0,35.0
12202,KOCHUVELI - MUMBAI LTT Garib Rath Exp,KCVL,KOCHUVELI,LTT,LOKMANYA TILAK TERM,1812.0,26.0,55.0
12203,Saharsa Amritsar Garib Rath,SHC,SAHARSA JN,ASR,AMRITSAR JN,1723.0,29.0,45.0
12204,Amritsar Saharsa Garib Rath,ASR,AMRITSAR JN,SHC,SAHARSA JN,1723.0,29.0,30.0
12205,New Delhi-Dehradun AC Express,NDLS,NEW DELHI,DDN,DEHRADUN,303.0,5.0,45.0
12206,Dehradun-NewDelhi AC Express,DDN,DEHRADUN,NDLS,NEW DELHI,303.0,5.0,40.0
12207,Kathgodam-Jammu Garib Rath Express,KGM,KATHGODAM,JAT,JAMMU TAWI,769.0,15.0,10.0
12208,Jammu-Kathgodam Garib Rath Express,JAT,JAMMU TAWI,KGM,KATHGODAM,769.0,14.0,50.0
12209,Kanpur-Kathgodam Garib Rath,CNB,KANPUR CENTRAL,KGM,KATHGODAM,459.0,8.0,50.0
12210,Kathgodam-Kanpur Garib Rath,KGM,KATHGODAM,CNB,KANPUR CENTRAL,459.0,10.0,0.0
12211,Muzaffarpur-Anand Vihar(T) Garib Rath Exp.,MFP,MUZAFFARPUR JN,ANVT,ANAND VIHAR TRM,1060.0,21.0,10.0
12212,Anand Vihar T.- Muzaffarpur Garib Rath,ANVT,ANAND VIHAR TRM,MFP,MUZAFFARPUR JN,1060.0,20.0,45.0
12213,Yeswantpur-Delhi Sarai Rohilla AC Duronto Express,YPR,YESVANTPUR JN,DEE,DELHI SARAI ROHILLA,2314.0,31.0,10.0
12214,Delhi Sarai Rohilla-Yesvantpur AC Duronto Express,DEE,DELHI SARAI ROHILLA,YPR,YESVANTPUR JN,2314.0,32.0,30.0
12215,Delhi Sarai Rohilla-Mumbai BandraT Garib Rath,DEE,DELHI SARAI ROHILLA,BDTS,MUMBAI BANDRA TERMINUS,1431.0,22.0,50.0
12216,Mumbai Bandra T. - Delhi Sarai Rohilla Garib Rath,BDTS,MUMBAI BANDRA TERMINUS,DEE,DELHI SARAI ROHILLA,1431.0,23.0,25.0
12217,KOCHUVELI - CHANDIGARH Kerala Sampark Kranti Exp,KCVL,KOCHUVELI,CDG,CHANDIGARH,3415.0,54.0,35.0
12218,CHANDIGARH - KOCHUVELI Kerala Sampark Kranti Exp,CDG,CHANDIGARH,KCVL,KOCHUVELI,3415.0,53.0,50.0
12219,Lokmanya Tilak (T)-Secunderabad AC Duronto Express,LTT,LOKMANYA TILAK TERM,SC,SECUNDERABAD JN,773.0,12.0,0.0
12220,Secunderabad-Mumbai LTT AC Duronto Express,SC,SECUNDERABAD JN,LTT,LOKMANYA TILAK TERM,773.0,12.0,0.0
12222,HOWRAH - PUNE AC Duronto Exp,HWH,HOWRAH JN,PUNE,PUNE JN,2020.0,27.0,15.0
12223,MUM LTT - ERNAKULAM AC Duronto,LTT,LOKMANYA TILAK TERM,ERS,ERNAKULAM JN,1599.0,20.0,55.0
12224,ERNAKULAM - MUM LTT AC Duronto,ERS,ERNAKULAM JN,LTT,LOKMANYA TILAK TERM,1598.0,20.0,45.0
12225,Kaifiat Express,AMH,AZAMGARH,DLI,OLD DELHI,803.0,14.0,30.0
12226,Kaifiat Express,DLI,OLD DELHI,AMH,AZAMGARH,803.0,14.0,10.0
12228,Indore- Mumbai Central Duronto Express,INDB,INDORE JN BG,BCT,Mumbai Central,829.0,12.0,50.0
12229,Lucknow Mail,LKO,LUCKNOW,NDLS,NEW DELHI,493.0,8.0,40.0
12230,Lucknow Mail,NDLS,NEW DELHI,LKO,LUCKNOW,493.0,8.0,35.0
12231,Lucknow-Chandigarh Express,LKO,LUCKNOW,CDG,CHANDIGARH,667.0,11.0,25.0
12232,Chandigarh - Lucknow Sadhbhavna SF Express,CDG,CHANDIGARH,LKO,LUCKNOW,667.0,11.0,45.0
12233,Lucknow New Delhi AC Express,LKO,LUCKNOW,NDLS,NEW DELHI,493.0,8.0,0.0
12239,Mumbai Central Jaipur AC Duronto Express,BCT,Mumbai Central,JP,JAIPUR,1159.0,14.0,40.0
12260,New Delhi-Sealdah AC Duronto Express,NDLS,NEW DELHI,SDAH,KOLKATA SEALDAH,1453.0,16.0,20.0
12271,Lucknow-New Delhi AC Duronto Express,LKO,LUCKNOW,NDLS,NEW DELHI,493.0,8.0,0.0
12273,Howrah-New Delhi Duronto Express,HWH,HOWRAH JN,NDLS,NEW DELHI,1446.0,17.0,5.0
12274,New Delhi-Howrah Duronto Express,NDLS,NEW DELHI,HWH,HOWRAH JN,1441.0,17.0,0.0
12234,NewDelhi-Lucknow AC Express,NDLS,NEW DELHI,LKO,LUCKNOW,493.0,7.0,40.0
12235,DIBRUGARH - NEW DELHI Rajdhani Exp,DBRG,DIBRUGARH,NDLS,NEW DELHI,2453.0,42.0,30.0
12236,NEW DELHI - DIBRUGARH Rajdhani Exp,NDLS,NEW DELHI,DBRG,DIBRUGARH,2474.0,44.0,15.0
12237,Varanasi-Jammu Tawi SF Express,BSB,VARANASI JN,JAT,JAMMU TAWI,1261.0,22.0,35.0
12238,Jammu-Varanasi SF Express,JAT,JAMMU TAWI,BSB,VARANASI JN,1261.0,23.0,0.0
12241,Chandigarh-Amritsar Duronto Express,CDG,CHANDIGARH,ASR,AMRITSAR JN,267.0,4.0,15.0
12242,Amritsar-Chandigarh Duronto Express,ASR,AMRITSAR JN,CDG,CHANDIGARH,267.0,4.0,5.0
12243,Chennai Central-Coimbatore AC Duronto Express,MAS,CHENNAI CENTRAL,CBE,COIMBATORE JN,497.0,6.0,40.0
12244,Coimbatore-Chennai Central AC Duronto Express,CBE,COIMBATORE JN,MAS,CHENNAI CENTRAL,497.0,6.0,45.0
12245,HOWRAH - YESVANTPUR AC Duronto Exp,HWH,HOWRAH JN,YPR,YESVANTPUR JN,1946.0,29.0,0.0
12251,Wainganga express,YPR,YESVANTPUR JN,KRBA,Korba,1614.0,28.0,50.0
12252,Wainganga express,KRBA,Korba,YPR,YESVANTPUR JN,1605.0,29.0,30.0
12253,YESVANTPUR - BHAGALPUR Anga SF Exp,YPR,YESVANTPUR JN,BGP,BHAGALPUR,2473.0,43.0,0.0
12254,BHAGALPUR - YESVANTPUR Anga SF Exp,BGP,BHAGALPUR,YPR,YESVANTPUR JN,2474.0,43.0,35.0
12261,MUMBAI CST - HOWRAH AC Duronto Exp,CSTM,MUMBAI CST,HWH,HOWRAH JN,1968.0,26.0,25.0
12262,HOWRAH - MUMBAI CST AC Duronto Exp,HWH,HOWRAH JN,CSTM,MUMBAI CST,1968.0,26.0,10.0
12264,Hazrat Nizamuddin-Pune AC Duronto Express,NZM,DELHI H NIZAMUDDIN,PUNE,PUNE JN,1508.0,20.0,0.0
12265,Delhi Sarai Rohilla Jammu Tawi Duronto Express,DEE,DELHI SARAI ROHILLA,JAT,JAMMU TAWI,578.0,8.0,55.0
12266,Jammu Tawi-Delhi Sarai Rohilla Duronto Express,JAT,JAMMU TAWI,DEE,DELHI SARAI ROHILLA,578.0,8.0,35.0
12267,Mumbai Central-Ahmedabad AC Duronto Express,BCT,Mumbai Central,ADI,AHMEDABAD JN,491.0,6.0,35.0
12268,Ahmedabad-Mumbai Central AC Duronto Express,ADI,AHMEDABAD JN,BCT,Mumbai Central,491.0,6.0,30.0
12269,Chennai-Hazrat Nizamuddin Duronto Express,MAS,CHENNAI CENTRAL,NZM,DELHI H NIZAMUDDIN,2176.0,27.0,55.0
12270,Hazrat Nizamuddin-Chennai Duronto,NZM,DELHI H NIZAMUDDIN,MAS,CHENNAI CENTRAL,2176.0,28.0,20.0
12272,New Delhi-Lucknow AC Duronto Express,NDLS,NEW DELHI,LKO,LUCKNOW,493.0,7.0,40.0
12275,Allahabad-New Delhi Duronto Express,ALD,ALLAHABAD JN,NDLS,NEW DELHI,634.0,7.0,25.0
12276,New Delhi-Allahabad Duronto Express,NDLS,NEW DELHI,ALD,ALLAHABAD JN,634.0,7.0,20.0
12277,Howrah Puri Duronto Express,HWH,HOWRAH JN,PURI,PURI,502.0,7.0,15.0
12301,Howrah-New Delhi Rajdhani Express,HWH,HOWRAH JN,NDLS,NEW DELHI,1447.0,17.0,0.0
12303,Poorva Express,HWH,HOWRAH JN,NDLS,NEW DELHI,1530.0,23.0,10.0
12307,Howrah-Jodhpur SF Express,HWH,HOWRAH JN,JU,JODHPUR JN,1814.0,30.0,30.0
12311,Kalka Mail,HWH,HOWRAH JN,KLK,Kalka,1743.0,32.0,50.0
12313,KOL SEALDAH - NEW DELHI Rajdhani Exp,SDAH,KOLKATA SEALDAH,NDLS,NEW DELHI,1454.0,17.0,30.0
12314,NEW DELHI - KOL SEALDAH Rajdhani Exp,NDLS,NEW DELHI,SDAH,KOLKATA SEALDAH,1454.0,17.0,45.0
12316,Ananya Express,UDZ,UDAIPUR CITY,SDAH,KOLKATA SEALDAH,2141.0,38.0,40.0
12318,AKAL TAKHT Express,ASR,AMRITSAR JN,SDAH,KOLKATA SEALDAH,1898.0,33.0,5.0
12320,AGRA CANTT - KOLKATA CHITPUR SF Exp,AGC,AGRA CANTT,KOAA,KOLKATA CHITPUR,1405.0,24.0,20.0
12325,KOLKATA CHITPUR - NANGAL DAM Gurumukhi Exp,KOAA,KOLKATA CHITPUR,NLDM,NANGAL DAM,1803.0,32.0,0.0
12326,NANGAL DAM - KOLKATA CHITPUR Gurumukhi Exp,NLDM,NANGAL DAM,KOAA,KOLKATA CHITPUR,1803.0,32.0,15.0
12327,Upasana Express,HWH,HOWRAH JN,DDN,DEHRADUN,1587.0,28.0,50.0
12329,West Bengal Sampark Kranti,SDAH,KOLKATA SEALDAH,DLI,OLD DELHI,1448.0,22.0,45.0
12330,West Bengal Sampark Kranti Express,DLI,OLD DELHI,SDAH,KOLKATA SEALDAH,1448.0,22.0,15.0
12331,Himgiri Express,HWH,HOWRAH JN,JAT,JAMMU TAWI,2021.0,36.0,25.0
12278,Puri-Howrah AC Duronto Express,PURI,PURI,HWH,HOWRAH JN,502.0,7.0,15.0
12279,Jhansi-H.Nizamuddin Taj Express,JHS,JHANSI JN,NZM,DELHI H NIZAMUDDIN,403.0,6.0,40.0
12280,H.Nizamuddin-Jhansi Taj Express,NZM,DELHI H NIZAMUDDIN,JHS,JHANSI JN,403.0,6.0,30.0
12281,Bhubaneswar-New Delhi Duronto,BBS,BHUBANESWAR,NDLS,NEW DELHI,1724.0,21.0,55.0
12282,New Delhi-Bhubaneswar Duronto Express,NDLS,NEW DELHI,BBS,BHUBANESWAR,1724.0,22.0,5.0
12284,DELHI H NIZAMUDDIN - ERNAKULAM Duronto Exp,NZM,DELHI H NIZAMUDDIN,ERS,ERNAKULAM JN,2943.0,41.0,55.0
12287,Kochuveli-Dehradun Weekly Express,KCVL,KOCHUVELI,DDN,DEHRADUN,3459.0,57.0,10.0
12289,Mumbai CSTM-Nagpur Duronto Express,CSTM,MUMBAI CST,NGP,NAGPUR,838.0,11.0,0.0
12290,Nagpur-Mumbai CST Duronto Express,NGP,NAGPUR,CSTM,MUMBAI CST,838.0,11.0,0.0
12291,YESVANTPUR - CHENNAI SF Exp,YPR,YESVANTPUR JN,MAS,CHENNAI CENTRAL,370.0,6.0,30.0
12292,CHENNAI - YESVANTPUR SF Exp,MAS,CHENNAI CENTRAL,YPR,YESVANTPUR JN,370.0,6.0,40.0
12295,BANGALORE - PATLIPUTRA Sanghamitra SF Exp,SBC,BANGALORE CITY JN,PPTA,PATLIPUTRA,2729.0,48.0,20.0
12296,PATLIPUTRA - BANGALORE Sanghamitra SF Exp,PPTA,PATLIPUTRA,SBC,BANGALORE CITY JN,2729.0,48.0,45.0
12302,New Delhi-Howrah Rajdhani Express,NDLS,NEW DELHI,HWH,HOWRAH JN,1447.0,16.0,55.0
12304,Poorva Express,NDLS,NEW DELHI,HWH,HOWRAH JN,1530.0,24.0,25.0
12305,Howrah-New Delhi Rajdhani Express,HWH,HOWRAH JN,NDLS,NEW DELHI,1530.0,19.0,50.0
12306,New Delhi-Howrah Rajdhani Express,NDLS,NEW DELHI,HWH,HOWRAH JN,1542.0,19.0,40.0
12308,Jodhpur-Howrah SF Express,JU,JODHPUR JN,HWH,HOWRAH JN,1814.0,31.0,30.0
12309,Rajendra Nagar-New Delhi Rajdhani Express,RJPB,RAJENDRA NAGAR BIHAR,NDLS,NEW DELHI,1001.0,12.0,35.0
12310,New Delhi Rajendra Nagar Rajdhani Express,NDLS,NEW DELHI,RJPB,RAJENDRA NAGAR BIHAR,1001.0,12.0,50.0
12312,Kalka Mail,KLK,Kalka,HWH,HOWRAH JN,1743.0,31.0,35.0
12321,HOWRAH - MUMBAI CST Mail (via Allahabad),HWH,HOWRAH JN,CSTM,MUMBAI CST,2177.0,37.0,25.0
12322,MUMBAI CST - HOWRAH Mail (via Allahabad),CSTM,MUMBAI CST,HWH,HOWRAH JN,2177.0,38.0,20.0
12323,Howrah-NewDelhi SF Express,HWH,HOWRAH JN,NDLS,NEW DELHI,1447.0,22.0,15.0
12324,New Delhi-Howrah SF Express,NDLS,NEW DELHI,HWH,HOWRAH JN,1447.0,22.0,50.0
12328,Upasana Express,DDN,DEHRADUN,HWH,HOWRAH JN,1587.0,28.0,50.0
12332,Himgiri Express,JAT,JAMMU TAWI,HWH,HOWRAH JN,2021.0,36.0,30.0
12333,Vibhuti Express,HWH,HOWRAH JN,ALY,ALLAHABAD CITY,882.0,16.0,15.0
12339,Coalfield Express,HWH,HOWRAH JN,DHN,DHANBAD JN,259.0,4.0,20.0
12340,Coalfield Express,DHN,DHANBAD JN,HWH,HOWRAH JN,259.0,4.0,30.0
12344,Darjeeling Mail,HDB,HALDIBARI,SDAH,KOLKATA SEALDAH,624.0,13.0,15.0
12355,Archana Express,RJPB,RAJENDRA NAGAR BIHAR,JAT,JAMMU TAWI,1510.0,27.0,20.0
12359,KOLKATA CHITPUR - PATNA Garib Rath Exp,KOAA,KOLKATA CHITPUR,PNBE,PATNA JN,534.0,9.0,30.0
12363,KOLKATA CHITPUR - HALDIBARI SF Intercity Exp,KOAA,KOLKATA CHITPUR,HDB,HALDIBARI,620.0,11.0,20.0
12367,Vikramshila Express,BGP,BHAGALPUR,ANVT,ANAND VIHAR TRM,1206.0,20.0,25.0
12377,Padatik Express,SDAH,KOLKATA SEALDAH,NJP,NEW JALPAIGURI,567.0,10.0,10.0
12378,Padatik Express,NJP,NEW JALPAIGURI,SDAH,KOLKATA SEALDAH,567.0,9.0,45.0
12379,Sealdah - Amritsar Superfast Express,SDAH,KOLKATA SEALDAH,ASR,AMRITSAR JN,1894.0,30.0,30.0
12383,Howrah-Dhanbad AC DD Express,HWH,HOWRAH JN,DHN,DHANBAD JN,259.0,4.0,20.0
12384,Dhanbad-Howrah AC DD Express,DHN,DHANBAD JN,HWH,HOWRAH JN,259.0,4.0,15.0
12757,Tirupati-Coimbatore Intercity Express,TPTY,TIRUPATI MAIN,CBE,COIMBATORE JN,472.0,7.0,50.0
12758,Coimbatore-Tirupati (Triweekly) SF Intercity Expre,CBE,COIMBATORE JN,TPTY,TIRUPATI MAIN,472.0,7.0,30.0
12246,YESVANTPUR - HOWRAH AC Duronto Exp,YPR,YESVANTPUR JN,HWH,HOWRAH JN,1946.0,28.0,45.0
12334,Vibhuti Express,ALY,ALLAHABAD CITY,HWH,HOWRAH JN,882.0,16.0,15.0
12337,Shantiniketan Express,HWH,HOWRAH JN,BHP,BOLPUR SHANTINIKETAN,146.0,2.0,15.0
12338,Shantiniketan Express,BHP,BOLPUR SHANTINIKETAN,HWH,HOWRAH JN,146.0,2.0,30.0
12341,Agniveena Express,HWH,HOWRAH JN,ASN,ASANSOL JN,200.0,3.0,20.0
12342,Agniveena Express,ASN,ASANSOL JN,HWH,HOWRAH JN,200.0,3.0,15.0
12345,HOWRAH - GUWAHATI Saraighat SF Exp,HWH,HOWRAH JN,GHY,GUWAHATI,1020.0,17.0,40.0
12347,Howrah-Rampur Hat SF Express,HWH,HOWRAH JN,RPH,RAMPUR HAT,207.0,3.0,35.0
12348,Rampur Hat-Howrah SF Express,RPH,RAMPUR HAT,HWH,HOWRAH JN,207.0,3.0,40.0
12351,Howrah- Danapur Express,HWH,HOWRAH JN,DNR,DANAPUR,541.0,10.0,5.0
12352,Danapur- Howrah Express,DNR,DANAPUR,HWH,HOWRAH JN,541.0,10.0,0.0
12356,Archana Express,JAT,JAMMU TAWI,RJPB,RAJENDRA NAGAR BIHAR,1510.0,26.0,50.0
12357,KOLKATA CHITPUR - AMRITSAR Durgiana SF Exp,KOAA,KOLKATA CHITPUR,ASR,AMRITSAR JN,1812.0,28.0,20.0
12358,AMRITSAR - KOLKATA CHITPUR Durgiana SF Exp,ASR,AMRITSAR JN,KOAA,KOLKATA CHITPUR,1812.0,29.0,0.0
12360,KOLKATA CHITPUR - PATNA Garib Rath Exp,PNBE,PATNA JN,KOAA,KOLKATA CHITPUR,534.0,9.0,5.0
12361,ASANSOL - MUMBAI CST SF Exp,ASN,ASANSOL JN,CSTM,MUMBAI CST,2043.0,34.0,40.0
12362,MUMBAI CST - ASANSOL SF Exp,CSTM,MUMBAI CST,ASN,ASANSOL JN,2043.0,36.0,10.0
12364,HALDIBARI - KOLKATA CHITPUR SF Intercity Exp,HDB,HALDIBARI,KOAA,KOLKATA CHITPUR,620.0,11.0,5.0
12365,Patna-Ranchi Jan Shatabdi Express,PNBE,PATNA JN,RNC,RANCHI,411.0,7.0,40.0
12366,Ranchi Patna Jan Shatabdi Express,RNC,RANCHI,PNBE,PATNA JN,411.0,7.0,50.0
12369,Kumbh Express,HWH,HOWRAH JN,HW,HARIDWAR JN,1536.0,27.0,5.0
12370,Kumbh Express,HW,HARIDWAR JN,HWH,HOWRAH JN,1536.0,27.0,20.0
12381,Poorva Express,HWH,HOWRAH JN,NDLS,NEW DELHI,1446.0,23.0,0.0
12382,Poorva Express,NDLS,NEW DELHI,HWH,HOWRAH JN,1446.0,24.0,25.0
12389,GAYA - CHENNAI EGMORE SF Exp,GAYA,GAYA JN,MS,CHENNAI EGMORE,2346.0,39.0,0.0
12390,CHENNAI EGMORE - GAYA SF Exp,MS,CHENNAI EGMORE,GAYA,GAYA JN,2346.0,38.0,10.0
12391,Shramjeevi Express,RGD,Rajgir,NDLS,NEW DELHI,1103.0,21.0,0.0
12392,Shramjeevi Express,NDLS,NEW DELHI,RGD,Rajgir,1103.0,20.0,55.0
12396,Ajmer-RajendraNagar Ziyarat Express,AII,AJMER JN,RJPB,RAJENDRA NAGAR BIHAR,1305.0,23.0,10.0
12404,Mathura Allahabad SF Express,MTJ,MATHURA JN,ALD,ALLAHABAD JN,507.0,8.0,40.0
12408,AMRITSAR - NEW JALPAIGURI Karmabhoomi Exp,ASR,AMRITSAR JN,NJP,NEW JALPAIGURI,1834.0,33.0,5.0
12410,Gondwana Express,NZM,DELHI H NIZAMUDDIN,RIG,RAIGARH,1626.0,27.0,40.0
12411,CHANDIGARH - AMRITSAR Intercity SF Exp,CDG,CHANDIGARH,ASR,AMRITSAR JN,909.0,15.0,30.0
12412,AMRITSAR - CHANDIGARH Intercity SF Exp,ASR,AMRITSAR JN,CDG,CHANDIGARH,909.0,15.0,50.0
12413,Pooja express,AII,AJMER JN,JAT,JAMMU TAWI,1017.0,17.0,50.0
12414,Pooja Express,JAT,JAMMU TAWI,AII,AJMER JN,1017.0,18.0,0.0
12419,Gomti Express,LKO,LUCKNOW,NDLS,NEW DELHI,511.0,8.0,35.0
12420,Gomti Express,NDLS,NEW DELHI,LKO,LUCKNOW,511.0,8.0,45.0
12423,DIBRUGARH TOWN - NEW DELHI Rajdhani Exp,DBRT,DIBRUGARH TOWN,NDLS,NEW DELHI,2443.0,37.0,55.0
12427,REWA - DELHI ANAND VIHAR SF Exp,REWA,REWA,ANVT,ANAND VIHAR TRM,860.0,14.0,45.0
12428,DELHI ANAND VIHAR - REWA SF Exp,ANVT,ANAND VIHAR TRM,REWA,REWA,860.0,14.0,20.0
12431,TRIVANDRUM - DELHI H NIZAMUDDIN Rajdhani Exp,TVC,TRIVANDRUM CENTRAL,NZM,DELHI H NIZAMUDDIN,3149.0,41.0,25.0
12432,DELHI H NIZAMUDDIN - TRIVANDRUM Rajdhani Exp,NZM,DELHI H NIZAMUDDIN,TVC,TRIVANDRUM CENTRAL,3149.0,42.0,5.0
12437,Secunderabad Rajdhani Express,SC,SECUNDERABAD JN,NZM,DELHI H NIZAMUDDIN,1660.0,21.0,35.0
12438,Secunderabad Rajdhani Express,NZM,DELHI H NIZAMUDDIN,SC,SECUNDERABAD JN,1660.0,22.0,0.0
12439,RANCHI - NEW DELHI Rajdhani Exp,RNC,RANCHI,NDLS,NEW DELHI,1306.0,16.0,55.0
12440,NEW DELHI - RANCHI Rajdhani Exp,NDLS,NEW DELHI,RNC,RANCHI,1306.0,17.0,0.0
12397,Mahabodhi Express,GAYA,GAYA JN,NDLS,NEW DELHI,990.0,14.0,30.0
12398,Mahabodhi Express,NDLS,NEW DELHI,GAYA,GAYA JN,990.0,15.0,40.0
12401,Magadh Express,IPR,Islampur,NDLS,NEW DELHI,1063.0,19.0,35.0
12402,Magadh Express,NDLS,NEW DELHI,IPR,Islampur,1063.0,17.0,45.0
12405,Gondwana Express,BSL,BHUSAVAL JN,NZM,DELHI H NIZAMUDDIN,1476.0,25.0,45.0
12406,H.Nizamuddin-Bhusaval Gondwana Express,NZM,DELHI H NIZAMUDDIN,BSL,BHUSAVAL JN,1476.0,24.0,25.0
12415,Indore-Nizamuddin Express,INDB,INDORE JN BG,NZM,DELHI H NIZAMUDDIN,817.0,13.0,20.0
12416,Nizamuddin-Indore Express,NZM,DELHI H NIZAMUDDIN,INDB,INDORE JN BG,817.0,13.0,40.0
12417,Prayagraj Express,ALD,ALLAHABAD JN,NDLS,NEW DELHI,634.0,9.0,25.0
12418,Prayagraj Express,NDLS,NEW DELHI,ALD,ALLAHABAD JN,634.0,9.0,20.0
12424,NEW DELHI - DIBRUGARH TOWN Rajdhani Exp,NDLS,NEW DELHI,DBRT,DIBRUGARH TOWN,2443.0,39.0,0.0
12425,Jammu Rajdhani Express,NDLS,NEW DELHI,JAT,JAMMU TAWI,577.0,9.0,0.0
12426,Jammu Rajdhani Express,JAT,JAMMU TAWI,NDLS,NEW DELHI,577.0,9.0,15.0
12429,Bangalore - Hazrat Nizamuddin Rajdhani Express,SBC,BANGALORE CITY JN,NZM,DELHI H NIZAMUDDIN,2365.0,33.0,30.0
12430,Delhi H Nizamuddin-Bangalore Rajdhani Express,NZM,DELHI H NIZAMUDDIN,SBC,BANGALORE CITY JN,2382.0,33.0,50.0
12433,Chennai Central-Delhi H.Nizamuddin Rajdhani Expres,MAS,CHENNAI CENTRAL,NZM,DELHI H NIZAMUDDIN,2176.0,28.0,10.0
12435,DIBRUGARH TOWN - NEW DELHI Rajdhani Exp,DBRT,DIBRUGARH TOWN,NDLS,NEW DELHI,2463.0,42.0,45.0
12436,NEW DELHI - DIBRUGARH TOWN Rajdhani Exp,NDLS,NEW DELHI,DBRT,DIBRUGARH TOWN,2463.0,44.0,55.0
12441,Bilaspur-New Delhi Rajdhani Express,BSP,BILASPUR JN,NDLS,NEW DELHI,1501.0,20.0,45.0
12442,Bilaspur Rajdhani Express,NDLS,NEW DELHI,BSP,BILASPUR JN,1501.0,20.0,15.0
12445,Uttar Sampark Kranti Express,NDLS,NEW DELHI,UHP,UDHAMPUR,630.0,11.0,15.0
12446,Uttar Sampark Kranti Express,UHP,UDHAMPUR,NDLS,NEW DELHI,630.0,11.0,5.0
12447,UP Sampark Kranti Express,MKP,MANIKPUR JN,NZM,DELHI H NIZAMUDDIN,695.0,12.0,25.0
12448,UP Sampark Kranti Express,NZM,DELHI H NIZAMUDDIN,MKP,MANIKPUR JN,695.0,12.0,20.0
12497,Shan-e-Punjab Express,NDLS,NEW DELHI,ASR,AMRITSAR JN,448.0,7.0,35.0
12455,DelhiSaraiRohilla-ShriGanganagar AC SF Express,DEE,DELHI SARAI ROHILLA,SGNR,SHRI GANGANAGAR,486.0,8.0,50.0
12456,ShriGanganagar-DelhiSaraiRohilla AC SF Express,SGNR,SHRI GANGANAGAR,DEE,DELHI SARAI ROHILLA,486.0,8.0,35.0
12457,Delhi SaraiRohilla-Bikaner Express,DEE,DELHI SARAI ROHILLA,BKN,BIKANER JN,458.0,8.0,10.0
12458,Bikaner-DelhiSaraiRohiilla Express,BKN,BIKANER JN,DEE,DELHI SARAI ROHILLA,458.0,7.0,40.0
12468,Jaipur Bikaner InterCity Express,JP,JAIPUR,BKN,BIKANER JN,382.0,6.0,40.0
12472,Jammu Tawi - Mumbai Bandra (T.) SF Swaraj Express,JAT,JAMMU TAWI,BDTS,MUMBAI BANDRA TERMINUS,1950.0,30.0,50.0
12475,Hapa - Jammu Tawi Sarvodaya SF Express,HAPA,HAPA,JAT,JAMMU TAWI,1992.0,33.0,25.0
12476,Jammu Tawi - Hapa Sarvodaya SF Express,JAT,JAMMU TAWI,HAPA,HAPA,1992.0,33.0,30.0
12477,Jamnagar - Jammu Tawi SF Sindhu Express,JAM,JAMNAGAR,JAT,JAMMU TAWI,2000.0,33.0,40.0
12479,JODHPUR - MUMBAI BANDRA Suryanagari SF Exp,JU,JODHPUR JN,BDTS,MUMBAI BANDRA TERMINUS,935.0,17.0,0.0
12480,MUMBAI BANDRA - JODHPUR Suryanagari SF Exp,BDTS,MUMBAI BANDRA TERMINUS,JU,JODHPUR JN,935.0,17.0,0.0
12485,H S NANDED - SHRI GANGANAGAR Exp,NED,HUZUR SAHIB NANDED,SGNR,SHRI GANGANAGAR,1965.0,35.0,25.0
12486,SHRI GANGANAGAR - H S NANDED Exp,SGNR,SHRI GANGANAGAR,NED,HUZUR SAHIB NANDED,1965.0,33.0,15.0
12487,Seemanchal Express,JBN,JOGBANI,ANVT,ANAND VIHAR TRM,1383.0,24.0,20.0
12489,Bikaner-Dadar Express,BKN,BIKANER JN,DDR,MUMBAI DADAR WEST,1245.0,22.0,25.0
12490,Dadar - Bikaner Express,DDR,MUMBAI DADAR WEST,BKN,BIKANER JN,1245.0,22.0,35.0
12491,BARAUNI - JAMMU TAWI Maur Dhwaj Express,BJU,BARAUNI JN,JAT,JAMMU TAWI,1510.0,28.0,50.0
12492,JAMMU TAWI - BARAUNI Maur Dhwaj Express,JAT,JAMMU TAWI,BJU,BARAUNI JN,1510.0,28.0,15.0
12496,KOLKATA CHITPUR - BIKANER Pratap Exp,KOAA,KOLKATA CHITPUR,BKN,BIKANER JN,1885.0,31.0,0.0
22607,ERNAKULAM - BANGALORE Weekly SF Exp,ERS,ERNAKULAM JN,SBC,BANGALORE CITY JN,625.0,11.0,20.0
12449,MADGAON - CHANDIGARH Goa Sampark Kranti Exp,MAO,MADGAON,CDG,CHANDIGARH,2094.0,29.0,30.0
12450,CHANDIGARH - MADGAON Goa Sampark Kranti Exp,CDG,CHANDIGARH,MAO,MADGAON,2094.0,29.0,50.0
12451,Shram Shakti Express,CNB,KANPUR CENTRAL,NDLS,NEW DELHI,440.0,6.0,35.0
12452,Shram Shakti Express,NDLS,NEW DELHI,CNB,KANPUR CENTRAL,440.0,6.0,15.0
12453,Ranchi-New Delhi Rajdhani Express,RNC,RANCHI,NDLS,NEW DELHI,1341.0,17.0,40.0
12454,New Delhi-Ranchi Rajdhani Express,NDLS,NEW DELHI,RNC,RANCHI,1341.0,18.0,30.0
12459,NewDelhi-Amritsar SF InterCity,NDLS,NEW DELHI,ASR,AMRITSAR JN,448.0,8.0,0.0
12460,Amritsar-New Delhi Intercity Express,ASR,AMRITSAR JN,NDLS,NEW DELHI,448.0,7.0,55.0
12461,Mandore Express,DLI,OLD DELHI,JU,JODHPUR JN,620.0,10.0,35.0
12462,Mandore Express,JU,JODHPUR JN,DLI,OLD DELHI,620.0,10.0,25.0
12464,Rajasthan Sampark Kranti Express,JU,JODHPUR JN,DEE,DELHI SARAI ROHILLA,616.0,10.0,35.0
12465,Indore-Jodhpur Ranthambhore Express,INDB,INDORE JN BG,JU,JODHPUR JN,911.0,15.0,40.0
12466,Jodhpur-Indore Ranthambhore Intercity Express,JU,JODHPUR JN,INDB,INDORE JN BG,911.0,16.0,30.0
12469,Kanpur Jammu Express,CNB,KANPUR CENTRAL,JAT,JAMMU TAWI,1026.0,18.0,45.0
12470,Jammu Kanpur Express,JAT,JAMMU TAWI,CNB,KANPUR CENTRAL,1026.0,18.0,35.0
12473,Sarvodaya SF Express,ADI,AHMEDABAD JN,JAT,JAMMU TAWI,1669.0,27.0,10.0
12474,Sarvodaya SF Express,JAT,JAMMU TAWI,ADI,AHMEDABAD JN,1669.0,26.0,55.0
12478,Jammu Tawi - Jamnagar (Weekly) Sindhu SF Express,JAT,JAMMU TAWI,JAM,JAMNAGAR,2000.0,33.0,45.0
12481,Delhi Sriganganagar InterCity,DLI,OLD DELHI,SGNR,SHRI GANGANAGAR,424.0,7.0,30.0
12482,Sriganganagar Delhi InterCity Express,SGNR,SHRI GANGANAGAR,DLI,OLD DELHI,424.0,7.0,45.0
12484,AMRITSAR - KOCHUVELI SF Exp,ASR,AMRITSAR JN,KCVL,KOCHUVELI,3597.0,57.0,25.0
12493,Bangalore-Hazrat Nizammudin Rajdhani Express,SBC,BANGALORE CITY JN,NZM,DELHI H NIZAMUDDIN,2294.0,33.0,30.0
12494,Hazrat Nizamuddin-Bangalore Rajdhani Express,NZM,DELHI H NIZAMUDDIN,SBC,BANGALORE CITY JN,2383.0,33.0,50.0
12501,GUWAHATI - NEW DELHI Poorvottar Sampark Kranti Exp,GHY,GUWAHATI,NDLS,NEW DELHI,1974.0,31.0,0.0
12502,NEW DELHI - GUWAHATI Poorvottar Sampark Kranti Exp,NDLS,NEW DELHI,SCL,SILCHAR,1974.0,32.0,30.0
12507,TRIVANDRUM - GUWAHATI SF Exp,TVC,TRIVANDRUM CENTRAL,GHY,GUWAHATI,3331.0,58.0,50.0
12508,GUWAHATI - TRIVANDRUM SF Exp,GHY,GUWAHATI,TVC,TRIVANDRUM CENTRAL,3332.0,59.0,45.0
12511,Rapti Sagar Express,GKP,GORAKHPUR JN,TVC,TRIVANDRUM CENTRAL,3251.0,59.0,5.0
12512,Rapti Sagar Expres,TVC,TRIVANDRUM CENTRAL,GKP,GORAKHPUR JN,3251.0,57.0,40.0
12514,GUWAHATI - SECUNDERABAD Exp,GHY,GUWAHATI,SC,SECUNDERABAD JN,2551.0,45.0,50.0
12519,MUMBAI LTT - KAMAKHYA AC Exp,LTT,LOKMANYA TILAK TERM,KYQ,KAMAKHYA,1667.0,24.0,35.0
12520,KAMAKHYA - MUMBAI LTT AC Exp,KYQ,KAMAKHYA,LTT,LOKMANYA TILAK TERM,1667.0,24.0,15.0
12522,Raptisagar Express,ERS,ERNAKULAM JN,BJU,BARAUNI JN,3441.0,60.0,40.0
12527,Mumbai CST-Latur Superfast Express.,CSTM,MUMBAI CST,LUR,LATUR,530.0,9.0,30.0
12528,Latur-Mumbai CST Superfast Express,LUR,LATUR,CSTM,MUMBAI CST,530.0,9.0,30.0
12535,Lucknow-Raipur Garib Rath Express,LJN,LUCKNOW JN,R,RAIPUR JN,917.0,16.0,35.0
12536,Raipur-Lucknow Garib Rath,R,RAIPUR JN,LJN,LUCKNOW JN,917.0,16.0,45.0
12537,Bapudham Express,MKI,BAPUDHAM MOTIHARI,MUV,MANDUADIH,465.0,8.0,20.0
12538,Bapudham Express,MUV,MANDUADIH,MKI,BAPUDHAM MOTIHARI,465.0,8.0,25.0
12539,YESVANTPUR - LUCKNOW SF Exp,YPR,YESVANTPUR JN,LKO,LUCKNOW,2554.0,46.0,0.0
12540,LUCKNOW - YESVANTPUR SF Exp,LKO,LUCKNOW,YPR,YESVANTPUR JN,2532.0,44.0,40.0
12541,Gorakhpur-Mumbai LTT SF Express,GKP,GORAKHPUR JN,LTT,LOKMANYA TILAK TERM,1680.0,30.0,25.0
12543,Yesvantpur-Tirupati Tri Weekly Intercity,YPR,YESVANTPUR JN,TPTY,TIRUPATI MAIN,345.0,6.0,10.0
12544,Tirupati-Yesvantpur Tri Weekly SF Intercity,TPTY,TIRUPATI MAIN,YPR,YESVANTPUR JN,345.0,6.0,5.0
12549,DURG - JAMMU TAWI SF Exp,DURG,DURG,JAT,JAMMU TAWI,1873.0,33.0,5.0
12550,JAMMU TAWI - DURG SF Exp,JAT,JAMMU TAWI,DURG,DURG,1873.0,33.0,20.0
12553,Vaishali SF Express,BJU,BARAUNI JN,NDLS,NEW DELHI,1185.0,21.0,0.0
12498,Shan-e-Punjab Express,ASR,AMRITSAR JN,NDLS,NEW DELHI,448.0,7.0,35.0
12505,GUWAHATI - DELHI ANAND VIHAR North East Exp,GHY,GUWAHATI,ANVT,ANAND VIHAR TRM,1866.0,33.0,30.0
12506,DELHI ANAND VIHAR - GUWAHATI North East Exp,ANVT,ANAND VIHAR TRM,GHY,GUWAHATI,1867.0,33.0,50.0
12509,BENGALURU - GUWAHATI (Kaziranga) SF Express,BNC,BANGALORE CANT,GHY,GUWAHATI,2992.0,54.0,20.0
12510,GUWAHATI - BENGALURU (Kaziranga) SF Express,GHY,GUWAHATI,SBC,BANGALORE CITY JN,2992.0,53.0,20.0
12515,RIVANDRUM - GUWAHATI Exp,TVC,TRIVANDRUM CENTRAL,GHY,GUWAHATI,3552.0,65.0,0.0
12516,GUWAHATI - TRIVANDRUM CENTRAL EXP,GHY,GUWAHATI,TVC,TRIVANDRUM CENTRAL,3552.0,64.0,25.0
12517,KOLKATA - GUWAHATI Garib Rath Exp,KOAA,KOLKATA CHITPUR,GHY,GUWAHATI,1027.0,18.0,0.0
12518,GUWAHATI - KOLKATA Garib Rath Exp,GHY,GUWAHATI,KOAA,KOLKATA CHITPUR,1027.0,18.0,0.0
12521,Raptisagar Express,BJU,BARAUNI JN,ERS,ERNAKULAM JN,3441.0,62.0,20.0
12523,New Jalpaiguri-New Delhi Superfast Express,NJP,NEW JALPAIGURI,NDLS,NEW DELHI,1500.0,27.0,55.0
12524,New Delhi New Jalpaiguri SuperFast Express,NDLS,NEW DELHI,NJP,NEW JALPAIGURI,1497.0,27.0,25.0
12525,Indrayani SF Express,CSTM,MUMBAI CST,PUNE,PUNE JN,192.0,3.0,28.0
12526,Indrayani SF Express,PUNE,PUNE JN,CSTM,MUMBAI CST,192.0,3.0,20.0
12529,Bhopal-Jabalpur Intercity Express,HBJ,HABIBGANJ,JBP,JABALPUR,331.0,5.0,20.0
12530,Jabalpur-Bhopal Intercity,JBP,JABALPUR,HBJ,HABIBGANJ,331.0,5.0,55.0
12531,Gorakhpur Lucknow InterCity Express,GKP,GORAKHPUR JN,LJN,LUCKNOW JN,279.0,4.0,55.0
12532,Lucknow Gorakhpur Inter City Express,LJN,LUCKNOW JN,GKP,GORAKHPUR JN,279.0,4.0,55.0
12533,Pushpak Express,LJN,LUCKNOW JN,CSTM,MUMBAI CST,1426.0,24.0,20.0
12534,Pushpak Express,CSTM,MUMBAI CST,LJN,LUCKNOW JN,1426.0,24.0,20.0
12545,RAXAUL - MUMBAI LTT Karmabhoomi Exp,RXL,RAXAUL JN,LTT,LOKMANYA TILAK TERM,1963.0,33.0,40.0
12547,Agra Fort Ahmedabad Tri Weekly Express,AF,AGRA FORT,ADI,AHMEDABAD JN,867.0,15.0,10.0
12548,Ahmedabad-Agra Fort Express,ADI,AHMEDABAD JN,AF,AGRA FORT,867.0,15.0,15.0
12554,Vaishali SF Express,NDLS,NEW DELHI,BJU,BARAUNI JN,1185.0,21.0,25.0
12557,Sapt Kranti SF Express,MFP,MUZAFFARPUR JN,ANVT,ANAND VIHAR TRM,1060.0,18.0,55.0
12558,Sapt Kranti SF Express,ANVT,ANAND VIHAR TRM,MFP,MUZAFFARPUR JN,1060.0,19.0,35.0
12569,Jaynagar-Delhi AnandViharT Garib Rath,JYG,JAYNAGAR,ANVT,ANAND VIHAR TRM,1252.0,20.0,15.0
12570,Anand Vihar Terminus-Jaynagar Garib Rath Express,ANVT,ANAND VIHAR TRM,JYG,JAYNAGAR,1252.0,20.0,30.0
12571,Howrah Prasanti Nilayam SF Express,HWH,HOWRAH JN,SSPN,SATYA SAI P NILAYAM,1763.0,30.0,35.0
12572,Prashanti Nilayam Howrah SF Express,SSPN,SATYA SAI P NILAYAM,HWH,HOWRAH JN,1763.0,31.0,0.0
12573,SainagarShirdi-Howrah Express,SNSI,SAINAGAR SHIRDI,HWH,HOWRAH JN,1792.0,29.0,35.0
12577,DARBHANGA - MYSORE BAGMATI SF Exp,DBG,DARBHANGA JN,MYS,MYSORE JN,2910.0,52.0,40.0
12578,MYSORE - DARBHANGA BAGMATI SF Exp,MYS,MYSORE JN,DBG,DARBHANGA JN,2910.0,52.0,5.0
12579,Digha- Puri SamudraKanya Express,DGHA,Digha Flag Station,PURI,PURI,549.0,10.0,5.0
12581,Pune Bhubaneshwar Express,PUNE,PUNE JN,BBS,BHUBANESWAR,1689.0,30.0,20.0
12582,Bhubaneshwar-Pune Express,BBS,BHUBANESWAR,PUNE,PUNE JN,1689.0,30.0,45.0
12583,LUCKNOW - DELHI ANAND VIHAR T DOUBLE DECKER,LJN,LUCKNOW JN,ANVT,ANAND VIHAR TRM,2071.0,38.0,35.0
12584,DELHI ANAND VIHAR T - LUCKNOW DOUBLE DECKER,ANVT,ANAND VIHAR TRM,LJN,LUCKNOW JN,2071.0,38.0,25.0
12592,YESVANTPUR - GORAKHPUR SF Exp,YPR,YESVANTPUR JN,GKP,GORAKHPUR JN,2529.0,46.0,20.0
12593,Lucknow-Bhopal Garib Rath,LJN,LUCKNOW JN,BPL,BHOPAL JN,585.0,10.0,50.0
12594,Bhopal-Lucknow Garib Rath Express,BPL,BHOPAL JN,LJN,LUCKNOW JN,585.0,11.0,0.0
12605,Pallavan Superfast Express,MS,CHENNAI EGMORE,TPJ,TIRUCHIRAPPALLI,336.0,5.0,35.0
12606,Pallavan Superfast Express,TPJ,TIRUCHIRAPPALLI,MS,CHENNAI EGMORE,336.0,5.0,35.0
12607,CHENNAI CENTRAL - BANGALORE Lalbagh Exp,MAS,CHENNAI CENTRAL,SBC,BANGALORE CITY JN,358.0,6.0,0.0
12608,BANGALORE - CHENNAI CENTRAL Lalbagh Exp,SBC,BANGALORE CITY JN,MAS,CHENNAI CENTRAL,362.0,5.0,45.0
12609,CHENNAI CENT - BANGALORE SF Intercity Exp,MAS,CHENNAI CENTRAL,SBC,BANGALORE CITY JN,362.0,6.0,30.0
12556,Gorakhdham Express,HSR,Hisar,GKP,GORAKHPUR JN,962.0,17.0,25.0
12559,Shiv Ganga Express,BSB,VARANASI JN,NDLS,NEW DELHI,758.0,12.0,25.0
12560,Shiv Ganga Express,NDLS,NEW DELHI,BSB,VARANASI JN,758.0,12.0,45.0
12562,Swatantrata Sainani Express,NDLS,NEW DELHI,DBG,DARBHANGA JN,1166.0,21.0,25.0
12563,Mumbai LTT - Faizabad SF Express,LTT,LOKMANYA TILAK TERM,FD,FAIZABAD JN,1600.0,27.0,10.0
12564,Faizabad-Mumbai LTT SF Express,FD,FAIZABAD JN,LTT,LOKMANYA TILAK TERM,1600.0,29.0,5.0
12565,Bihar Sampark Kranti Express,DBG,DARBHANGA JN,NDLS,NEW DELHI,1172.0,20.0,55.0
12566,Bihar Sampark Kranti Express,NDLS,NEW DELHI,DBG,DARBHANGA JN,1172.0,20.0,55.0
12575,Kharagpur Purulia Express,KGP,KHARAGPUR JN,PRR,PURULIA JN,208.0,4.0,0.0
12576,Purulia Khargapur Intercity Express,PRR,PURULIA JN,KGP,KHARAGPUR JN,208.0,3.0,55.0
12587,Amarnath Express,GKP,GORAKHPUR JN,JAT,JAMMU TAWI,1248.0,22.0,15.0
12588,Amarnath Express,JAT,JAMMU TAWI,GKP,GORAKHPUR JN,1248.0,22.0,5.0
12589,Gorakhpur-Secunderabad Express,GKP,GORAKHPUR JN,SC,SECUNDERABAD JN,1827.0,32.0,25.0
12590,Secunderabad - Gorakhpur Express,SC,SECUNDERABAD JN,GKP,GORAKHPUR JN,1827.0,31.0,50.0
12601,Chennai Mangalore Mail,MAS,CHENNAI CENTRAL,MAQ,MANGALORE CNTL,889.0,16.0,0.0
12602,Chennai Mail,MAQ,MANGALORE CNTL,MAS,CHENNAI CENTRAL,889.0,16.0,10.0
12603,Chennai - Hyderabad Express,MAS,CHENNAI CENTRAL,HYB,HYDERABAD DECCAN,715.0,13.0,0.0
12604,Hyderabad - Chennai Express,HYB,HYDERABAD DECCAN,MAS,CHENNAI CENTRAL,715.0,13.0,0.0
12611,Chennai Central-H.Nizamuddin Garib Rath Express,MAS,CHENNAI CENTRAL,NZM,DELHI H NIZAMUDDIN,2177.0,28.0,10.0
12612,H Nizamuddin-Chennai Garib Rath Express,NZM,DELHI H NIZAMUDDIN,MAS,CHENNAI CENTRAL,2176.0,28.0,15.0
12613,Tippu Express,MYS,MYSORE JN,SBC,BANGALORE CITY JN,139.0,2.0,30.0
12614,Tippu Express,SBC,BANGALORE CITY JN,MYS,MYSORE JN,139.0,2.0,30.0
12616,GrandTrunk Express,NDLS,NEW DELHI,MAS,CHENNAI CENTRAL,2184.0,35.0,35.0
12620,MANGALORE CENT - MUMBAI LTT Matsyagandha Exp,MAQ,MANGALORE CNTL,LTT,LOKMANYA TILAK TERM,1186.0,15.0,55.0
12622,Tamil Nadu Express,NDLS,NEW DELHI,MAS,CHENNAI CENTRAL,2184.0,32.0,45.0
12623,Chennai Tiruvananthapuram SF Mail,MAS,CHENNAI CENTRAL,TVC,TRIVANDRUM CENTRAL,909.0,15.0,40.0
12625,Kerala Express,TVC,TRIVANDRUM CENTRAL,NDLS,NEW DELHI,3036.0,50.0,25.0
12626,Kerala Express,NDLS,NEW DELHI,TVC,TRIVANDRUM CENTRAL,3036.0,51.0,5.0
12628,Karnataka Express,NDLS,NEW DELHI,SBC,BANGALORE CITY JN,2406.0,40.0,25.0
12629,Karnataka Sampark Kranti Express,YPR,YESVANTPUR JN,NZM,DELHI H NIZAMUDDIN,2610.0,44.0,25.0
12630,Karnataka Sampark Kranti Express,NZM,DELHI H NIZAMUDDIN,YPR,YESVANTPUR JN,2610.0,45.0,45.0
12635,CHENNAI EGMORE - MADURAI Vaigai SF Exp,MS,CHENNAI EGMORE,MDU,MADURAI JN,497.0,8.0,5.0
12637,CHENNAI EGMORE - MADURAI Pandiyan SF Exp,MS,CHENNAI EGMORE,MDU,MADURAI JN,497.0,9.0,0.0
12638,MADURAI - CHENNAI EGMORE Pandiyan SF Exp,MDU,MADURAI JN,MS,CHENNAI EGMORE,497.0,9.0,0.0
12640,BANGALORE - CHENNAI CENT Brindavan Exp,SBC,BANGALORE CITY JN,MAS,CHENNAI CENTRAL,362.0,5.0,55.0
12643,Swarna Jayanthi Express,TVC,TRIVANDRUM CENTRAL,NZM,DELHI H NIZAMUDDIN,3014.0,50.0,45.0
12644,Swarna Jayanti Express,NZM,DELHI H NIZAMUDDIN,TVC,TRIVANDRUM CENTRAL,3014.0,53.0,10.0
12649,Karnataka Sampark Kranti Express,YPR,YESVANTPUR JN,NZM,DELHI H NIZAMUDDIN,2277.0,35.0,5.0
12650,Karnataka Sampark Kranti Express,NZM,DELHI H NIZAMUDDIN,YPR,YESVANTPUR JN,2276.0,36.0,15.0
12651,MADURAI - DELHI H NIZAMUDDIN Tamil Nadu S Kranti,MDU,MADURAI JN,NZM,DELHI H NIZAMUDDIN,2677.0,42.0,5.0
12654,Mangalore Tiruchirappalli Weekly Superfast Express,MAQ,MANGALORE CNTL,TPJ,TIRUCHIRAPPALLI,635.0,11.0,30.0
12657,CHENNAI - BANGALORE Mail,MAS,CHENNAI CENTRAL,SBC,BANGALORE CITY JN,362.0,5.0,55.0
12658,BANGALORE - CHENNAI Mail,SBC,BANGALORE CITY JN,MAS,CHENNAI CENTRAL,362.0,5.0,55.0
12662,SENGOTTAI - CHENNAI EGMORE Pothigai SF Exp,SCT,SENGOTTAI,MS,CHENNAI EGMORE,670.0,12.0,5.0
12664,Tiruchirappalli-Howrah Express,TPJ,TIRUCHIRAPPALLI,HWH,HOWRAH JN,2025.0,35.0,20.0
12617,ERNAKULAM - NEW DELHI H NIZAMUDDIN Mangala Lakshadweep Exp,ERS,ERNAKULAM JN,NZM,DELHI H NIZAMUDDIN,3067.0,48.0,0.0
12618,NEW DELHI H NIZAMUDDIN - ERNAKULAM Mangala Lakshadweep Exp,NZM,DELHI H NIZAMUDDIN,ERS,ERNAKULAM JN,3067.0,48.0,40.0
12621,Tamil Nadu Express,MAS,CHENNAI CENTRAL,NDLS,NEW DELHI,2184.0,33.0,0.0
12627,Karnataka Express,SBC,BANGALORE CITY JN,NDLS,NEW DELHI,2406.0,39.0,15.0
12631,CHENNAI EGMORE - TIRUNELVELI Nellai SF Exp,MS,CHENNAI EGMORE,TEN,TIRUNELVELI,653.0,11.0,40.0
12632,TIRUNELVELI - CHENNAI EGMORE Nellai SF Exp,TEN,TIRUNELVELI,MS,CHENNAI EGMORE,653.0,11.0,50.0
12634,KANNIYAKUMARI - CHENNAI EGMORE SF Exp,CAPE,KANYAKUMARI,MS,CHENNAI EGMORE,742.0,13.0,30.0
12639,CHENNAI CENT - BANGALORE Brindavan Exp,MAS,CHENNAI CENTRAL,SBC,BANGALORE CITY JN,362.0,6.0,5.0
12642,D H NIZAMUDDIN - KANYAKUMARI Thirukkural Exp,NZM,DELHI H NIZAMUDDIN,CAPE,KANYAKUMARI,2919.0,50.0,45.0
12645,Millennium Expres,ERS,ERNAKULAM JN,NZM,DELHI H NIZAMUDDIN,2809.0,46.0,10.0
12646,Millennium Express,NZM,DELHI H NIZAMUDDIN,ERS,ERNAKULAM JN,2809.0,48.0,0.0
12647,Kongu Express,CBE,COIMBATORE JN,NZM,DELHI H NIZAMUDDIN,2671.0,47.0,0.0
12648,Kongu Express,NZM,DELHI H NIZAMUDDIN,CBE,COIMBATORE JN,2671.0,48.0,50.0
12655,Navjeevan Express,ADI,AHMEDABAD JN,MAS,CHENNAI CENTRAL,1893.0,33.0,35.0
12656,Navajivan Express,MAS,CHENNAI CENTRAL,ADI,AHMEDABAD JN,1893.0,33.0,35.0
12659,Gurudev Express,NCJ,NAGERCOIL JN,SHM,KOLKATA SHALIMAR,2583.0,47.0,15.0
12660,Shalimar-Nagercoil Gurudev Express,SHM,KOLKATA SHALIMAR,NCJ,NAGERCOIL JN,2583.0,47.0,0.0
12667,CHENNAI EGMORE - NAGERCOIL SF Exp,MS,CHENNAI EGMORE,NCJ,NAGERCOIL JN,727.0,13.0,20.0
12668,NAGERCOIL - CHENNAI EGMORE SF Exp,NCJ,NAGERCOIL JN,MS,CHENNAI EGMORE,727.0,12.0,55.0
12673,Cheran Express,MAS,CHENNAI CENTRAL,CBE,COIMBATORE JN,497.0,8.0,0.0
12674,Cheran Express,CBE,COIMBATORE JN,MAS,CHENNAI CENTRAL,497.0,8.0,15.0
12675,Kovai Express,MAS,CHENNAI CENTRAL,CBE,COIMBATORE JN,497.0,7.0,40.0
12676,Kovai Express,CBE,COIMBATORE JN,MAS,CHENNAI CENTRAL,497.0,7.0,20.0
12677,Bangalore City - Ernakulam Intercity SF Express,SBC,BANGALORE CITY JN,ERS,ERNAKULAM JN,587.0,10.0,40.0
12678,Ernakulam-BangaloreCity Intercity Express,ERS,ERNAKULAM JN,SBC,BANGALORE CITY JN,587.0,10.0,40.0
12679,ChennaiCentral-Coimbatore InterCity,MAS,CHENNAI CENTRAL,CBE,COIMBATORE JN,497.0,7.0,45.0
12680,Coimbatore-Chennai Central InterCity SF Express,CBE,COIMBATORE JN,MAS,CHENNAI CENTRAL,497.0,7.0,35.0
12681,Chennai-Coimbatore Express,MAS,CHENNAI CENTRAL,CBE,COIMBATORE JN,497.0,8.0,20.0
12682,Coimbatore-Chennai Express,CBE,COIMBATORE JN,MAS,CHENNAI CENTRAL,497.0,8.0,0.0
12683,ERNAKULAM - BANGALORE SF Exp,ERS,ERNAKULAM JN,SBC,BANGALORE CITY JN,625.0,11.0,20.0
12695,Chennai-Trivandrum SuperFast Express,MAS,CHENNAI CENTRAL,TVC,TRIVANDRUM CENTRAL,922.0,16.0,15.0
12696,Trivandrum-Chennai Superfast Express,TVC,TRIVANDRUM CENTRAL,MAS,CHENNAI CENTRAL,922.0,16.0,40.0
12697,Chennai-Thiruvananthapuram Express,MAS,CHENNAI CENTRAL,TVC,TRIVANDRUM CENTRAL,909.0,15.0,20.0
12698,Thiruvananthapuram Central Chennai Central weekly express,TVC,TRIVANDRUM CENTRAL,MAS,CHENNAI CENTRAL,909.0,16.0,15.0
12701,Hussain Sagar Express,CSTM,MUMBAI CST,HYB,HYDERABAD DECCAN,790.0,14.0,20.0
12702,Hussain Sagar Express,HYB,HYDERABAD DECCAN,CSTM,MUMBAI CST,790.0,14.0,20.0
12703,Howrah - Secunderabad Falaknuma SF Express,HWH,HOWRAH JN,SC,SECUNDERABAD JN,1545.0,26.0,10.0
12704,Falaknuma Express,SC,SECUNDERABAD JN,HWH,HOWRAH JN,1545.0,25.0,45.0
12707,Andhra Pradesh Sampark Kranti Express,TPTY,TIRUPATI MAIN,NZM,DELHI H NIZAMUDDIN,2302.0,36.0,15.0
12708,Andhra Pradesh Sampark Kranti Express,NZM,DELHI H NIZAMUDDIN,TPTY,TIRUPATI MAIN,2302.0,38.0,10.0
12710,Simhapuri SF Express,SC,SECUNDERABAD JN,GDR,GUDUR JN,644.0,10.0,20.0
12711,Pinakini Express,BZA,VIJAYAWADA JN,MAS,CHENNAI CENTRAL,431.0,7.0,0.0
12712,Pinakini Express,MAS,CHENNAI CENTRAL,BZA,VIJAYAWADA JN,431.0,7.0,5.0
12714,Satavahana Express,SC,SECUNDERABAD JN,BZA,VIJAYAWADA JN,351.0,5.0,35.0
12715,Sachkhand SF Express,NED,HUZUR SAHIB NANDED,ASR,AMRITSAR JN,2081.0,34.0,45.0
12666,KANYAKUMARI - KOL HOWRAH Weekly Exp,CAPE,KANYAKUMARI,HWH,HOWRAH JN,2431.0,43.0,30.0
12669,CHENNAI CENTRAL - CHHAPRA Ganga Kaveri Exp,MAS,CHENNAI CENTRAL,CPR,CHHAPRA,2343.0,42.0,5.0
12670,CHHAPRA - CHENNAI CENTRAL Ganga Kaveri Exp,CPR,CHHAPRA,MAS,CHENNAI CENTRAL,2343.0,41.0,25.0
12671,Nilgiri (Blue Mountain) Express,MAS,CHENNAI CENTRAL,MTP,Mettupalayam,532.0,9.0,15.0
12672,Nilgiri (Blue Mountain) Express,MTP,Mettupalayam,MAS,CHENNAI CENTRAL,532.0,9.0,20.0
12685,Chennai - Mangalore Express,MAS,CHENNAI CENTRAL,MAQ,MANGALORE CNTL,889.0,16.0,5.0
12686,Mangalore - Chennai Express,MAQ,MANGALORE CNTL,MAS,CHENNAI CENTRAL,889.0,15.0,50.0
12687,Chennai Dehradun Express,MAS,CHENNAI CENTRAL,DDN,DEHRADUN,2488.0,43.0,15.0
12688,Dehradun Chennai Express,DDN,DEHRADUN,MAS,CHENNAI CENTRAL,2488.0,42.0,55.0
12690,NAGERCOIL - CHENNAI SF Exp,NCJ,NAGERCOIL JN,MAS,CHENNAI CENTRAL,927.0,16.0,45.0
12691,CHENNAI - SSP NILAYAM SF Exp,MAS,CHENNAI CENTRAL,SSPN,SATYA SAI P NILAYAM,529.0,9.0,50.0
12692,SSP NILAYAM - CHENNAI SF Exp,SSPN,SATYA SAI P NILAYAM,MAS,CHENNAI CENTRAL,529.0,10.0,30.0
12693,CHENNAI EGMORE - TUTICORIN Pearl City SF Exp,MS,CHENNAI EGMORE,TN,TUTICORIN,656.0,11.0,55.0
12694,TUTICORIN - CHENNAI EGMORE Pearl City SF Exp,TN,TUTICORIN,MS,CHENNAI EGMORE,656.0,11.0,55.0
12705,Guntur-Secunderabad SF Intercity,GNT,GUNTUR JN,SC,SECUNDERABAD JN,383.0,6.0,50.0
12706,Secunderabad-Guntur SF Intercity,SC,SECUNDERABAD JN,GNT,GUNTUR JN,383.0,6.0,45.0
12716,Sachkhand SF Express,ASR,AMRITSAR JN,NED,HUZUR SAHIB NANDED,2081.0,34.0,10.0
12719,AJMER - HYDERABAD DECCAN SF Exp,AII,AJMER JN,HYB,HYDERABAD DECCAN,1711.0,30.0,50.0
12720,HYDERABAD DECCAN - AJMER SF Exp,HYB,HYDERABAD DECCAN,AII,AJMER JN,1711.0,30.0,35.0
12725,Siddhaganga Intercity Express,SBC,BANGALORE CITY JN,DWR,DHARWAR,490.0,8.0,50.0
12726,Siddhaganga InterCity Express,DWR,DHARWAR,SBC,BANGALORE CITY JN,490.0,8.0,50.0
12731,Tirupati-Secunderabad Express,TPTY,TIRUPATI MAIN,SC,SECUNDERABAD JN,801.0,14.0,15.0
12732,Secunderabad-Tirupati Express,SC,SECUNDERABAD JN,TPTY,TIRUPATI MAIN,801.0,14.0,30.0
12733,Narayanadri Express,TPTY,TIRUPATI MAIN,SC,SECUNDERABAD JN,661.0,12.0,0.0
12734,Narayanadri Express,SC,SECUNDERABAD JN,TPTY,TIRUPATI MAIN,661.0,12.0,0.0
12737,Gowthami SF Express,COA,Kakinada Port,SC,SECUNDERABAD JN,566.0,10.0,15.0
12738,Secunderabad - Kakinada Gowthami SF Express,SC,SECUNDERABAD JN,COA,Kakinada Port,566.0,10.0,15.0
12740,Secunderabad-Visakhapatnam Garib Rath,SC,SECUNDERABAD JN,VSKP,VISHAKAPATNAM,701.0,11.0,15.0
12741,VASCO DA GAMA - PATNA SF Exp,VSG,VASCO DA GAMA,PNBE,PATNA JN,2419.0,41.0,0.0
12742,PATNA - VASCO DA GAMA SF Exp,PNBE,PATNA JN,VSG,VASCO DA GAMA,2419.0,42.0,55.0
12747,Palnadu Express,GNT,GUNTUR JN,VKB,VIKARABAD JN,353.0,6.0,25.0
12748,Palnadu Express,VKB,VIKARABAD JN,GNT,GUNTUR JN,353.0,6.0,15.0
12750,Mumbai LTT-Visakhapatnam SF Express,LTT,LOKMANYA TILAK TERM,VSKP,VISHAKAPATNAM,1502.0,26.0,20.0
12751,Manuguru-Secunderabad Tri Weekly SF Express,MUGR,Manuguru,SC,SECUNDERABAD JN,331.0,6.0,0.0
12752,Secunderabad-Manuguru SF Express,SC,SECUNDERABAD JN,MUGR,Manuguru,331.0,6.0,0.0
12753,Chennai-NewJalpaiguri SF Express,MAS,CHENNAI CENTRAL,NJP,NEW JALPAIGURI,2257.0,40.0,45.0
12754,New Jalpaiguri-Chennai SF Express,NJP,NEW JALPAIGURI,MAS,CHENNAI CENTRAL,2257.0,40.0,55.0
12763,Padmavati Express,TPTY,TIRUPATI MAIN,SC,SECUNDERABAD JN,737.0,12.0,50.0
12764,Padmavati Express,SC,SECUNDERABAD JN,TPTY,TIRUPATI MAIN,737.0,12.0,30.0
12777,HUBLI - TRIVANDRUM KOCHUVELI SF Exp,UBL,HUBLI JN,KCVL,KOCHUVELI,1307.0,23.0,40.0
12717,Ratnachal SF Express,VSKP,VISHAKAPATNAM,BZA,VIJAYAWADA JN,351.0,6.0,5.0
12718,Ratnachal SF Express,BZA,VIJAYAWADA JN,VSKP,VISHAKAPATNAM,351.0,6.0,0.0
12721,Dakshin SF Express,HYB,HYDERABAD DECCAN,NZM,DELHI H NIZAMUDDIN,1670.0,29.0,35.0
12722,Dakshin SF Express,NZM,DELHI H NIZAMUDDIN,HYB,HYDERABAD DECCAN,1670.0,30.0,10.0
12723,Andhra Pradesh Express,HYB,HYDERABAD DECCAN,NDLS,NEW DELHI,1677.0,26.0,40.0
12724,Andhra Pradesh Express,NDLS,NEW DELHI,HYB,HYDERABAD DECCAN,1677.0,26.0,20.0
12727,Godavari SF Express,VSKP,VISHAKAPATNAM,HYB,HYDERABAD DECCAN,711.0,12.0,50.0
12728,Godavari SF Express,HYB,HYDERABAD DECCAN,VSKP,VISHAKAPATNAM,711.0,12.0,35.0
12729,Pune-Nanded Express,PUNE,PUNE JN,NED,HUZUR SAHIB NANDED,662.0,12.0,0.0
12730,Nanded-Pune SuperFast Express,NED,HUZUR SAHIB NANDED,PUNE,PUNE JN,662.0,12.0,0.0
12755,Sangrami SF Expres,MAS,CHENNAI CENTRAL,HLZ,Haldia,1647.0,27.0,35.0
12756,Sangrami Expres,HLZ,Haldia,MAS,CHENNAI CENTRAL,1647.0,29.0,30.0
12759,Charminar Express,MAS,CHENNAI CENTRAL,HYB,HYDERABAD DECCAN,790.0,13.0,50.0
12760,Charminar Express,HYB,HYDERABAD DECCAN,MAS,CHENNAI CENTRAL,790.0,13.0,45.0
12785,Kacheguda-Bangalore SF Express,KCG,KACHEGUDA,SBC,BANGALORE CITY JN,625.0,11.0,20.0
12789,Rameswaram Kanyakumari SF Express,RMM,RAMESWARAM,CAPE,KANYAKUMARI,407.0,7.0,20.0
12790,Kanyakumari Rameswaram SF Express,CAPE,KANYAKUMARI,RMM,RAMESWARAM,407.0,7.0,20.0
12791,SECUNDERABAD - DANAPUR SF EXP,SC,SECUNDERABAD JN,DNR,DANAPUR,1840.0,33.0,10.0
12792,DANAPUR - SECUNDERABAD SF EXP,DNR,DANAPUR,SC,SECUNDERABAD JN,1840.0,33.0,25.0
12793,Chennai Egmore Madurai BI-Weekly Superfast Express,MS,CHENNAI EGMORE,MDU,MADURAI JN,561.0,10.0,5.0
12794,Madurai Chennai Egmore BI-Weekly Superfast Express,MDU,MADURAI JN,MS,CHENNAI EGMORE,561.0,10.0,10.0
12802,Purushottam SF Express,NDLS,NEW DELHI,PURI,PURI,1863.0,31.0,0.0
12805,Janmabhoomi Express,VSKP,VISHAKAPATNAM,SC,SECUNDERABAD JN,689.0,12.0,25.0
12806,Janmabhoomi Express,SC,SECUNDERABAD JN,VSKP,VISHAKAPATNAM,689.0,12.0,30.0
12811,MUMBAI - HATIA LTT SF Exp,LTT,LOKMANYA TILAK TERM,HTE,HATIA,1706.0,27.0,30.0
12812,HATIA - MUMBAI LTT SF Exp,HTE,HATIA,LTT,LOKMANYA TILAK TERM,1706.0,27.0,55.0
12813,Steel Express,HWH,HOWRAH JN,TATA,TATANAGAR JN,250.0,3.0,55.0
12814,Steel Express,TATA,TATANAGAR JN,HWH,HOWRAH JN,250.0,4.0,5.0
12816,New Delhi-Puri Superfast Express,NDLS,NEW DELHI,PURI,PURI,1794.0,29.0,55.0
12817,Jharkhand Swarna Jayanti SF Express,HTE,HATIA,ANVT,ANAND VIHAR TRM,1300.0,23.0,10.0
12818,Jharkhand Swarna Jayanti Express,ANVT,ANAND VIHAR TRM,HTE,HATIA,1303.0,20.0,50.0
12819,Orissa Sampark Kranti Express,BBS,BHUBANESWAR,NDLS,NEW DELHI,1799.0,29.0,10.0
12820,Orissa Sampark Kranti Express,NDLS,NEW DELHI,BBS,BHUBANESWAR,1799.0,29.0,0.0
12821,Dhauli Express,HWH,HOWRAH JN,PURI,PURI,502.0,8.0,30.0
12822,Dhauli Express,PURI,PURI,HWH,HOWRAH JN,502.0,8.0,25.0
12827,Howrah Purulia Express,HWH,HOWRAH JN,PRR,PURULIA JN,323.0,5.0,30.0
12828,Howrah Express,PRR,PURULIA JN,HWH,HOWRAH JN,323.0,5.0,50.0
12829,Chennai Bhubaneswar SF Express,MAS,CHENNAI CENTRAL,BBS,BHUBANESWAR,1223.0,20.0,25.0
12830,Bhubaneswar Chennai Superfast Express,BBS,BHUBANESWAR,MAS,CHENNAI CENTRAL,1223.0,20.0,55.0
12831,DHANBAD - BHUBANESWAR Garib Rath Exp,DHN,DHANBAD JN,BBS,BHUBANESWAR,780.0,16.0,15.0
12832,BHUBANESWAR - DHANBAD Garib Rath Exp,BBS,BHUBANESWAR,DHN,DHANBAD JN,780.0,14.0,35.0
12833,AHMEDABAD - HOWRAH SF EXP,ADI,AHMEDABAD JN,HWH,HOWRAH JN,2087.0,37.0,35.0
12834,HOWRAH - AHMEDABAD SF EXP,HWH,HOWRAH JN,ADI,AHMEDABAD JN,2087.0,37.0,30.0
12779,VASCO DA GAMA - DELHI H NIZAMUDDIN Goa Exp,VSG,VASCO DA GAMA,NZM,DELHI H NIZAMUDDIN,2202.0,39.0,5.0
12781,Mysore-Nizamuddin Swarna Jayanti Express,MYS,MYSORE JN,NZM,DELHI H NIZAMUDDIN,2618.0,44.0,55.0
12787,Bilaspur Tirunelveli SF Express,BSP,BILASPUR JN,TEN,TIRUNELVELI,2493.0,44.0,55.0
12788,Tirunelveli Bilaspur SF Express,TEN,TIRUNELVELI,BSP,BILASPUR JN,2494.0,44.0,35.0
12801,Purushottam SF Express,PURI,PURI,NDLS,NEW DELHI,1863.0,31.0,0.0
12804,Swarna Jayanti Express,NZM,DELHI H NIZAMUDDIN,VSKP,VISHAKAPATNAM,2096.0,35.0,25.0
12807,Samata Express,VSKP,VISHAKAPATNAM,NZM,DELHI H NIZAMUDDIN,1911.0,34.0,20.0
12808,Samata Express,NZM,DELHI H NIZAMUDDIN,VSKP,VISHAKAPATNAM,1911.0,33.0,50.0
12815,Puri New Delhi Superfast Express,PURI,PURI,NDLS,NEW DELHI,1804.0,30.0,5.0
12823,Chhattisgarh Sampark Kranti Express,DURG,DURG,NZM,DELHI H NIZAMUDDIN,1281.0,21.0,5.0
12824,Chhattisgarh Sampark Kranti Express,NZM,DELHI H NIZAMUDDIN,DURG,DURG,1284.0,21.0,45.0
12825,Jharkhand Sampark Kranti Express,RNC,RANCHI,NDLS,NEW DELHI,1306.0,21.0,10.0
12837,Howrah-Puri Express,HWH,HOWRAH JN,PURI,PURI,502.0,8.0,55.0
12838,Puri Howrah Express,PURI,PURI,HWH,HOWRAH JN,502.0,8.0,45.0
12839,Howrah Chennai Superfast Mail,HWH,HOWRAH JN,MAS,CHENNAI CENTRAL,1662.0,28.0,5.0
12841,Coromandel Express,HWH,HOWRAH JN,MAS,CHENNAI CENTRAL,1662.0,26.0,25.0
12842,Coromandel Express,MAS,CHENNAI CENTRAL,HWH,HOWRAH JN,1662.0,27.0,5.0
12845,BHUBANESWAR - BENGALURU CANTT SF Exp,BBS,BHUBANESWAR,BNC,BANGALORE CANT,1524.0,27.0,40.0
12887,Howrah-Puri Express,HWH,HOWRAH JN,PURI,PURI,502.0,9.0,0.0
12886,Aranyak Express,BJE,Bhojudih Junction,SHM,KOLKATA SHALIMAR,311.0,5.0,35.0
12885,Aranyak Express,SHM,KOLKATA SHALIMAR,BJE,Bhojudih Junction,311.0,5.0,20.0
12883,Rupashi Bangla Express,HWH,HOWRAH JN,PRR,PURULIA JN,333.0,5.0,50.0
12882,Puri Howrah Garib Rath,PURI,PURI,HWH,HOWRAH JN,502.0,8.0,50.0
12881,Howrah Puri Garib Rath,HWH,HOWRAH JN,PURI,PURI,502.0,9.0,0.0
12872,TITLAGARH - HOWRAH Ispat Exp,TIG,TITLAGARH,HWH,HOWRAH JN,745.0,13.0,25.0
12873,Jharkhand Swarna Jayanti Express,HTE,HATIA,ANVT,ANAND VIHAR TRM,1334.0,24.0,10.0
12874,Jharkhand Swarna Jayanti Express,ANVT,ANAND VIHAR TRM,HTE,HATIA,1334.0,24.0,5.0
12875,PURI - NEW DELHI Neelanchal SF Exp,PURI,PURI,NDLS,NEW DELHI,1910.0,34.0,45.0
12876,NEW DELHI - PURI Neelanchal SF Exp,NDLS,NEW DELHI,PURI,PURI,1910.0,34.0,40.0
12877,Ranchi-New Delhi Garib Rath,RNC,RANCHI,NDLS,NEW DELHI,1341.0,17.0,40.0
12780,DELHI H NIZAMUDDIN - VASCO DA GAMA Goa Exp,NZM,DELHI H NIZAMUDDIN,VSG,VASCO DA GAMA,2202.0,39.0,25.0
12843,Puri Ahmedabad Superfast Express,PURI,PURI,ADI,AHMEDABAD JN,2130.0,37.0,55.0
12844,Ahmedabad Puri Superfast Express,ADI,AHMEDABAD JN,PURI,PURI,2130.0,38.0,50.0
12879,MUMBAI LTT - BHUBANESWAR SF Exp,LTT,LOKMANYA TILAK TERM,BBS,BHUBANESWAR,1788.0,31.0,20.0
12884,Rupashi Bangla Express,PRR,PURULIA JN,HWH,HOWRAH JN,333.0,5.0,40.0
12880,BHUBANESWAR - MUMBAI LTT SF Exp,BBS,BHUBANESWAR,LTT,LOKMANYA TILAK TERM,1789.0,30.0,25.0
12891,Baripada- Bhubaneswar Express,BPO,Baripada,BBS,BHUBANESWAR,275.0,4.0,53.0
12888,Howrah Express,PURI,PURI,HWH,HOWRAH JN,502.0,8.0,50.0
12893,BHUBANESWAR - BALANGIR SF Exp,BBS,BHUBANESWAR,BLGR,BALANGIR,397.0,6.0,55.0
12892,Bhubaneswar Baripada SF Express,BBS,BHUBANESWAR,BPO,Baripada,275.0,4.0,55.0
12895,Kolkata-Puri Express,HWH,HOWRAH JN,PURI,PURI,502.0,9.0,0.0
12894,BALANGIR - BHUBANESWAR SF Exp,BLGR,BALANGIR,BBS,BHUBANESWAR,397.0,7.0,10.0
12897,Puducherry-Bhubaneswar Express,PDY,Puducherry,BBS,BHUBANESWAR,1424.0,24.0,15.0
12896,Puri-Howrah Express,PURI,PURI,HWH,HOWRAH JN,502.0,8.0,50.0
12903,Golden Temple Mail,BCT,Mumbai Central,ASR,AMRITSAR JN,1891.0,32.0,15.0
12898,Bhubaneswar-Puducherry Superfast Express,BBS,BHUBANESWAR,PDY,Puducherry,1424.0,25.0,35.0
12908,Maharashtra Sampark Kranti Express,NZM,DELHI H NIZAMUDDIN,BDTS,MUMBAI BANDRA TERMINUS,1366.0,20.0,15.0
12911,Valsad-Haridwar Exp,BL,VALSAD,HW,HARIDWAR JN,1433.0,24.0,35.0
12910,H.Nizamuddin-Bandra Terminus Garib Rath Express,NZM,DELHI H NIZAMUDDIN,BDTS,MUMBAI BANDRA TERMINUS,1366.0,16.0,30.0
12913,Indore-Nagpur Weekly Express,INDB,INDORE JN BG,NGP,NAGPUR,652.0,11.0,50.0
12912,Haridwar Valsad Superfast Express,HW,HARIDWAR JN,BL,VALSAD,1433.0,23.0,35.0
12919,Malwa Express,INDB,INDORE JN BG,JAT,JAMMU TAWI,1540.0,27.0,30.0
12914,Nagpur-Indore Weekly Express,NGP,NAGPUR,INDB,INDORE JN BG,652.0,11.0,35.0
12921,Flying Rani Express,BCT,Mumbai Central,ST,SURAT,263.0,4.0,40.0
12920,Malwa Express,JAT,JAMMU TAWI,INDB,INDORE JN BG,1540.0,27.0,50.0
12923,Indore Nagpur Express,INDB,INDORE JN BG,NGP,NAGPUR,607.0,11.0,0.0
12922,Flying Rani Express,ST,SURAT,BCT,Mumbai Central,263.0,4.0,45.0
12925,Paschim Express,BDTS,MUMBAI BANDRA TERMINUS,ASR,AMRITSAR JN,1821.0,31.0,40.0
12924,Indore Express,NGP,NAGPUR,INDB,INDORE JN BG,607.0,10.0,25.0
12926,Paschim Express,ASR,AMRITSAR JN,BDTS,MUMBAI BANDRA TERMINUS,1821.0,31.0,5.0
12927,Mumbai Central -Vadodara Express,BCT,Mumbai Central,BRC,VADODARA JN,392.0,6.0,25.0
12928,Vadodara - Mumbai Central Express,BRC,VADODARA JN,BCT,Mumbai Central,392.0,6.0,15.0
12929,Valsad Dahod InterCity Express,BL,VALSAD,DHD,DAHOD,344.0,6.0,0.0
12930,Dahod Valsad InterCity Express,DHD,DAHOD,BL,VALSAD,344.0,6.0,10.0
12935,Bandra Surat InterCity Express,BDTS,MUMBAI BANDRA TERMINUS,ST,SURAT,252.0,4.0,20.0
12936,Surat Bandra InterCity Express,ST,SURAT,BDTS,MUMBAI BANDRA TERMINUS,252.0,4.0,20.0
12937,GANDHIDHAM - HOWRAH Garbha Exp,GIMB,GANDHIDHAM BG,HWH,HOWRAH JN,2509.0,44.0,5.0
12938,HOWRAH - GANDHIDHAM Garbha Exp,HWH,HOWRAH JN,GIMB,GANDHIDHAM BG,2509.0,42.0,15.0
12939,Pune-Jaipur SF Express,PUNE,PUNE JN,JP,JAIPUR,1302.0,22.0,20.0
12940,Jaipur-Pune SF Express,JP,JAIPUR,PUNE,PUNE JN,1302.0,22.0,50.0
12901,Gujarat Mail,BCT,Mumbai Central,ADI,AHMEDABAD JN,491.0,8.0,40.0
12902,Gujarat Mail,ADI,AHMEDABAD JN,BCT,Mumbai Central,491.0,8.0,45.0
12907,Maharashtra Sampark Kranti Express,BDTS,MUMBAI BANDRA TERMINUS,NZM,DELHI H NIZAMUDDIN,1366.0,20.0,55.0
12909,Bandra Terminus- Hazrat Nizamuddin Garib Rath,BDTS,MUMBAI BANDRA TERMINUS,NZM,DELHI H NIZAMUDDIN,1366.0,16.0,50.0
12915,Ashram SF Express,ADI,AHMEDABAD JN,DLI,OLD DELHI,933.0,15.0,40.0
12916,Ashram SF Express,DLI,OLD DELHI,ADI,AHMEDABAD JN,933.0,16.0,20.0
12917,Gujarat Sampark Kranti Express,ADI,AHMEDABAD JN,NZM,DELHI H NIZAMUDDIN,1085.0,17.0,20.0
12933,Karnavati Express,BCT,Mumbai Central,ADI,AHMEDABAD JN,491.0,7.0,45.0
12934,Karnavati Express,ADI,AHMEDABAD JN,BCT,Mumbai Central,491.0,7.0,40.0
12943,Valsad-Kanpur Udyogkarmi Express,BL,VALSAD,CNB,KANPUR CENTRAL,1305.0,23.0,50.0
12944,Kanpur-Valsad Udyogkarmi Express,CNB,KANPUR CENTRAL,BL,VALSAD,1305.0,23.0,35.0
12945,SURAT - MAHUVA SF Exp,ST,SURAT,MHV,MAHUVA JN,1409.0,25.0,5.0
12947,Azimabad Express,ADI,AHMEDABAD JN,PNBE,PATNA JN,1772.0,31.0,0.0
12948,Azimabad Express,PNBE,PATNA JN,ADI,AHMEDABAD JN,1772.0,30.0,20.0
12949,PORBANDAR - K SANTRAGANCHI Kavi Guru SF Exp,PBR,PORBANDAR,SRC,SANTRAGACHI JN,2657.0,48.0,15.0
12951,Mumbai Central-New Delhi Rajdhani Express,BCT,Mumbai Central,NDLS,NEW DELHI,1384.0,15.0,50.0
12955,Mumbai-Jaipur SF Express,BCT,Mumbai Central,JP,JAIPUR,1159.0,18.0,0.0
12956,Jaipur-Mumbai SF Express,JP,JAIPUR,BCT,Mumbai Central,1159.0,17.0,40.0
12959,MUMBAI DADAR - BHUJ SF Exp,DDR,MUMBAI DADAR WEST,BHUJ,BHUJ,977.0,17.0,45.0
12960,BHUJ - MUMBAI DADAR SF Exp,BHUJ,BHUJ,DDR,MUMBAI DADAR WEST,977.0,17.0,45.0
12961,Avantika Express,BCT,Mumbai Central,INDB,INDORE JN BG,829.0,13.0,55.0
12962,Avantika Express,INDB,INDORE JN BG,BCT,Mumbai Central,829.0,14.0,45.0
12965,Gwalior Udaipur Express,GWL,GWALIOR JN,UDZ,UDAIPUR CITY,794.0,14.0,20.0
12966,Udaipur Gwalior Express,UDZ,UDAIPUR CITY,GWL,GWALIOR JN,794.0,14.0,25.0
12967,Chennai-Jaipur SF Express,MAS,CHENNAI CENTRAL,JP,JAIPUR,2185.0,36.0,20.0
12968,Jaipur-Chennai SF Express,JP,JAIPUR,MAS,CHENNAI CENTRAL,2185.0,38.0,5.0
12969,Coimbatore-Jaipur Express,CBE,COIMBATORE JN,JP,JAIPUR,2682.0,44.0,40.0
12970,Jaipur-Coimbatore Express,JP,JAIPUR,CBE,COIMBATORE JN,2682.0,46.0,20.0
12971,Bhavnagar Express,BDTS,MUMBAI BANDRA TERMINUS,BVC,BHAVNAGAR TERMINUS,778.0,14.0,5.0
12973,Indore-Jaipur SF Express,INDB,INDORE JN BG,JP,JAIPUR,599.0,9.0,30.0
12974,Jaipur Indore SF Express,JP,JAIPUR,INDB,INDORE JN BG,599.0,10.0,0.0
12975,Mysore-Jaipur SF Express,MYS,MYSORE JN,JP,JAIPUR,2479.0,43.0,40.0
12976,Jaipur-Mysore SF Express,JP,JAIPUR,MYS,MYSORE JN,2479.0,44.0,40.0
12977,ERNAKULAM - AJMER Marusagar Exp,ERS,ERNAKULAM JN,AII,AJMER JN,2859.0,44.0,25.0
12978,AJMER - ERNAKULAM Marusagar Exp,AII,AJMER JN,ERS,ERNAKULAM JN,2859.0,44.0,40.0
12979,Mumbai Bandra (T.) - Jaipur (Tri-weekly) SF Exp,BDTS,MUMBAI BANDRA TERMINUS,JP,JAIPUR,1148.0,18.0,45.0
12981,Chetak Express,DEE,DELHI SARAI ROHILLA,UDZ,UDAIPUR CITY,673.0,12.0,10.0
12982,Chetak Express,UDZ,UDAIPUR CITY,DEE,DELHI SARAI ROHILLA,673.0,11.0,50.0
12983,Ajmer-Chandigarh GaribRath Express,AII,AJMER JN,CDG,CHANDIGARH,740.0,12.0,45.0
12984,Chandigarh-Ajmer GaribRath,CDG,CHANDIGARH,AII,AJMER JN,740.0,12.0,50.0
12988,Ajmer Sealdah Express,AII,AJMER JN,SDAH,KOLKATA SEALDAH,1642.0,27.0,10.0
12989,Dadar Ajmer Superfast Express,DDR,MUMBAI DADAR WEST,AII,AJMER JN,976.0,17.0,30.0
12990,Ajmer-Dadar SF Express,AII,AJMER JN,DDR,MUMBAI DADAR WEST,976.0,17.0,30.0
12991,Udaipur-Ajmer Express,UDZ,UDAIPUR CITY,AII,AJMER JN,301.0,5.0,25.0
12992,Ajmer Udaipur Express,AII,AJMER JN,UDZ,UDAIPUR CITY,301.0,5.0,15.0
12941,Ahmedabad-Asansol (Weekly) SF Parasnath Express,ADI,AHMEDABAD JN,ASN,ASANSOL JN,2021.0,34.0,55.0
12942,Asansol Ahmedabad (Weekly) SF Express,ASN,ASANSOL JN,ADI,AHMEDABAD JN,2021.0,34.0,0.0
12954,August Kranti Rajdhani Express,NZM,DELHI H NIZAMUDDIN,BCT,Mumbai Central,1377.0,17.0,40.0
12957,Ahmadabad-New Delhi Swarna Jayanti Rajdhani Expres,ADI,AHMEDABAD JN,NDLS,NEW DELHI,934.0,13.0,40.0
12958,New Delhi-Ahmedabad Swarna Jayanti Rajdhani Expres,NDLS,NEW DELHI,ADI,AHMEDABAD JN,934.0,13.0,40.0
12963,Mewar Express,NZM,DELHI H NIZAMUDDIN,UDZ,UDAIPUR CITY,743.0,12.0,15.0
12964,Mewar Express,UDZ,UDAIPUR CITY,NZM,DELHI H NIZAMUDDIN,743.0,12.0,15.0
12995,Bandra-Udaipur SF Express,BDTS,MUMBAI BANDRA TERMINUS,UDZ,UDAIPUR CITY,945.0,17.0,10.0
12996,Udaipur Bandra SF Express Slip,UDZ,UDAIPUR CITY,BDTS,MUMBAI BANDRA TERMINUS,945.0,16.0,55.0
12997,Tirunelveli - Hapa (Biweekly) SF Express,TEN,TIRUNELVELI,HAPA,HAPA,2730.0,44.0,5.0
12998,Hapa-Tirunelveli Express,HAPA,HAPA,TEN,TIRUNELVELI,2730.0,44.0,10.0
19321,Indore-Rajendranagar Express,INDB,INDORE JN BG,RJPB,RAJENDRA NAGAR BIHAR,1400.0,26.0,55.0
12259,Sealdah-New Delhi AC Duronto Express,SDAH,KOLKATA SEALDAH,NDLS,NEW DELHI,1453.0,16.0,20.0
51672,KATNI - ITARSI Fast Passenger,KTE,KATNI,ET,ITARSI JN,335.0,6.0,20.0
12343,Darjeeling Mail,SDAH,KOLKATA SEALDAH,NJP,NEW JALPAIGURI,567.0,9.0,55.0
12483,KOCHUVELI - AMRITSAR SF Exp,KCVL,KOCHUVELI,ASR,AMRITSAR JN,3597.0,58.0,30.0
19131,MUMBAI BANDRA - BHUJ Kutch Exp,BDTS,MUMBAI BANDRA TERMINUS,BHUJ,BHUJ,839.0,16.0,20.0
22602,SAINAGAR SHIRDI - CHENNAI CENT SF Exp,SNSI,SAINAGAR SHIRDI,MAS,CHENNAI CENTRAL,1392.0,25.0,15.0
51631,Bhopal Bina Passenger,BPL,BHOPAL JN,BINA,BINA JN,139.0,3.0,45.0
11271,ITARSI - BHOPAL Vindhyachal Exp,ET,ITARSI JN,BPL,BHOPAL JN,738.0,17.0,5.0
12809,MUMBAI CST - HOWRAH SF Mail (via NAGPUR),CSTM,MUMBAI CST,HWH,HOWRAH JN,1968.0,33.0,15.0
12175,Chambal Express,HWH,HOWRAH JN,GWL,GWALIOR JN,1303.0,23.0,35.0
12574,Howrah-SainagarShirdi Express,HWH,HOWRAH JN,SNSI,SAINAGAR SHIRDI,1791.0,29.0,55.0
12713,Satavahana Express,BZA,VIJAYAWADA JN,SC,SECUNDERABAD JN,351.0,5.0,35.0
12380,Amritsar - Sealdah Superfast Express,ASR,AMRITSAR JN,SDAH,KOLKATA SEALDAH,1894.0,30.0,35.0
12663,Howrah-Tiruchirappalli Express,HWH,HOWRAH JN,TPJ,TIRUCHIRAPPALLI,2025.0,36.0,15.0
12610,BANGALORE - CHENNAI CENT SF Intercity Exp,SBC,BANGALORE CITY JN,MAS,CHENNAI CENTRAL,362.0,6.0,30.0
12904,Golden Temple Mail,ASR,AMRITSAR JN,BCT,Mumbai Central,1891.0,32.0,10.0
19113,Bhilad Vadodara Express,BLD,BHILAD,BRC,VADODARA JN,236.0,4.0,30.0
19114,Vadodara Bhilad Express,BRC,VADODARA JN,BLD,BHILAD,236.0,4.0,30.0
19116,BHUJ - MUMBAI BANDRA Sayaji Nagari Exp,BHUJ,BHUJ,BDTS,MUMBAI BANDRA TERMINUS,839.0,15.0,40.0
19132,BHUJ - MUMBAI BANDRA Kutch Exp,BHUJ,BHUJ,BDTS,MUMBAI BANDRA TERMINUS,839.0,15.0,40.0
19151,PALANPUR - GANDHIDHAM Exp,PNU,PALANPUR JN,GIMB,GANDHIDHAM BG,301.0,6.0,30.0
19152,GANDHIDHAM - PALANPUR Exp,GIMB,GANDHIDHAM BG,PNU,PALANPUR JN,301.0,7.0,0.0
19215,Saurashtra Express,BCT,Mumbai Central,PBR,PORBANDAR,955.0,21.0,30.0
19216,Saurashtra Express,PBR,PORBANDAR,BCT,Mumbai Central,955.0,22.0,10.0
19223,AHMEDABAD - JAMMU TAWI Exp,ADI,AHMEDABAD JN,JAT,JAMMU TAWI,1476.0,32.0,15.0
19224,JAMMU TAWI - AHMEDABAD Exp,JAT,JAMMU TAWI,ADI,AHMEDABAD JN,1476.0,31.0,20.0
19225,Bhatinda Jammu Tawi Express,BTI,BHATINDA JN,JAT,JAMMU TAWI,490.0,11.0,35.0
19226,Jammu Tawi Bhatinda Express,JAT,JAMMU TAWI,BTI,BHATINDA JN,490.0,12.0,5.0
19259,KOCHUVELI - BHAVNAGAR Exp,KCVL,KOCHUVELI,BVC,BHAVNAGAR TERMINUS,2569.0,45.0,45.0
19260,BHAVNAGAR - KOCHUVELI Exp,BVC,BHAVNAGAR TERMINUS,KCVL,KOCHUVELI,2569.0,45.0,45.0
19263,Porbandar-Delhi Sarai Rohilla (Biweekly) Express,PBR,PORBANDAR,DEE,DELHI SARAI ROHILLA,1392.0,28.0,30.0
19264,Delhi SaraiRohilla-Porbandar Express,DEE,DELHI SARAI ROHILLA,PBR,PORBANDAR,1392.0,28.0,35.0
19269,Porbandar Muzaffarpur Express,PBR,PORBANDAR,MFP,MUZAFFARPUR JN,2470.0,51.0,5.0
19270,Muzaffarpur-Porbandar Express,MFP,MUZAFFARPUR JN,PBR,PORBANDAR,2470.0,50.0,25.0
19305,Shipra Express,INDB,INDORE JN BG,HWH,HOWRAH JN,1754.0,31.0,15.0
19309,Shanti Express,GNC,Gandhinagar Capital,INDB,INDORE JN BG,571.0,11.0,40.0
19310,Shanti Express,INDB,INDORE JN BG,GNC,Gandhinagar Capital,571.0,11.0,15.0
19313,Indore-Patna Express,INDB,INDORE JN BG,PNBE,PATNA JN,1357.0,26.0,20.0
19105,Ahmedabad-Haridwar Mail,ADI,AHMEDABAD JN,HW,HARIDWAR JN,1208.0,26.0,10.0
19107,Ahmedabad-Udhampur Janmabhoomi Express,ADI,AHMEDABAD JN,UHP,UDHAMPUR,1539.0,33.0,15.0
19108,Udhampur-Ahmedabad Janmabhoomi Express,UHP,UDHAMPUR,ADI,AHMEDABAD JN,1539.0,34.0,10.0
19109,Gujarat Queen Express,BL,VALSAD,ADI,AHMEDABAD JN,298.0,6.0,10.0
19110,Gujarat Queen Express,ADI,AHMEDABAD JN,BL,VALSAD,298.0,6.0,20.0
19119,Ahmedabad Somnath Intercity Express,ADI,AHMEDABAD JN,VRL,VERAVAL,430.0,9.0,0.0
19120,Somnath Ahmedabad Intercity Express,SMNH,SOMNATH,ADI,AHMEDABAD JN,435.0,9.0,40.0
19129,Baroda Ahmedabad Express,BRC,VADODARA JN,ADI,AHMEDABAD JN,100.0,2.0,15.0
19130,Ahmedabad Baroda Express,ADI,AHMEDABAD JN,BRC,VADODARA JN,100.0,2.0,35.0
19143,Lokshakti Express,BDTS,MUMBAI BANDRA TERMINUS,ADI,AHMEDABAD JN,481.0,9.0,10.0
19144,Lokshakti Express,ADI,AHMEDABAD JN,BDTS,MUMBAI BANDRA TERMINUS,481.0,9.0,0.0
19165,Sabarmati Express,ADI,AHMEDABAD JN,DBG,DARBHANGA JN,1944.0,46.0,25.0
19166,Sabarmati Express,DBG,DARBHANGA JN,ADI,AHMEDABAD JN,1944.0,47.0,25.0
19167,Sabarmati Express,ADI,AHMEDABAD JN,BSB,VARANASI JN,1598.0,37.0,0.0
19168,Sabarmati Express,BSB,VARANASI JN,ADI,AHMEDABAD JN,1598.0,38.0,5.0
19221,Ahmedabad-Veraval Somnath Express,ADI,AHMEDABAD JN,VRL,VERAVAL,432.0,8.0,20.0
19222,Veraval-Ahmedabad Somnath Express,VRL,VERAVAL,ADI,AHMEDABAD JN,432.0,8.0,20.0
19311,Pune Indore Express,PUNE,PUNE JN,INDB,INDORE JN BG,972.0,18.0,10.0
19312,Indore Pune Express,INDB,INDORE JN BG,PUNE,PUNE JN,972.0,18.0,10.0
19314,Patna Indore Express,RJPB,RAJENDRA NAGAR BIHAR,INDB,INDORE JN BG,1359.0,28.0,10.0
19322,Patna-Indore Express,RJPB,RAJENDRA NAGAR BIHAR,INDB,INDORE JN BG,1400.0,28.0,10.0
19323,Indore Habibganj InterCity Express,INDB,INDORE JN BG,HBJ,HABIBGANJ,224.0,4.0,0.0
19565,Uttaranchal Express,OKHA,OKHA,DDN,DEHRADUN,1680.0,35.0,20.0
19566,Uttranchal Express,DDN,DEHRADUN,OKHA,OKHA,1680.0,34.0,35.0
19571,Rajkot-Porbandar Express,RJT,RAJKOT JN,PBR,PORBANDAR,202.0,4.0,40.0
19572,Porbandar-Rajkot Express,PBR,PORBANDAR,RJT,RAJKOT JN,202.0,4.0,10.0
19601,Ajmer New Jalpaiguri Weekly Express,AII,AJMER JN,NJP,NEW JALPAIGURI,1936.0,36.0,5.0
19602,New Jalpaiguri Ajmer Weekly Express,NJP,NEW JALPAIGURI,AII,AJMER JN,1936.0,37.0,15.0
19603,Ajmer-Sultanpur Weekly Express,AII,AJMER JN,SLN,SULTANPUR,1068.0,20.0,30.0
19604,Sultanpur Ajmer Express,SLN,SULTANPUR,AII,AJMER JN,1068.0,20.0,30.0
19657,Indore Jn - Udaipur Express,INDB,INDORE JN BG,UDZ,UDAIPUR CITY,479.0,10.0,55.0
19658,Udaipur Indore Express,UDZ,UDAIPUR CITY,INDB,INDORE JN BG,479.0,12.0,0.0
19707,Aravalli Express,BDTS,MUMBAI BANDRA TERMINUS,JP,JAIPUR,1106.0,21.0,45.0
19708,Aravalli Express,JP,JAIPUR,BDTS,MUMBAI BANDRA TERMINUS,1106.0,21.0,45.0
19709,JAIPUR - KAMAKHYA Kavi Guru Exp,JP,JAIPUR,KYQ,KAMAKHYA,2212.0,48.0,5.0
19710,KAMAKHYA - JAIPUR Kavi Guru Exp,KYQ,KAMAKHYA,JP,JAIPUR,2212.0,46.0,40.0
19711,Jaipur-Bhopal Express,JP,JAIPUR,BPL,BHOPAL JN,790.0,17.0,50.0
19712,Bhopal Jaipur Express,BPL,BHOPAL JN,JP,JAIPUR,790.0,16.0,35.0
19735,Intercity Express,JP,JAIPUR,LHU,Loharu,229.0,6.0,10.0
19771,Jaipur - Amritsar Express,JP,JAIPUR,ASR,AMRITSAR JN,872.0,18.0,35.0
19781,Jaipur-Amritsar Express,JP,JAIPUR,ASR,AMRITSAR JN,713.0,14.0,20.0
19801,Kota-Indore Intercity Express,KOTA,KOTA JN,INDB,INDORE JN BG,433.0,7.0,50.0
19802,Indore-Kota InterCity Express,INDB,INDORE JN BG,KOTA,KOTA JN,433.0,8.0,35.0
19943,UDAIPUR - AHMEDABAD Exp,UDZ,UDAIPUR CITY,ADI,AHMEDABAD JN,298.0,9.0,0.0
19944,AHMEDABAD - UDAIPUR Exp,ADIJ,AHMEDABAD JN,UDZ,UDAIPUR CITY,298.0,9.0,5.0
22112,Nagpur-Bhusaval SF Express,NGP,NAGPUR,BSL,BHUSAVAL JN,604.0,10.0,25.0
12946,MAHUVA - SURAT SF Exp,MHV,MAHUVA JN,ST,SURAT,1409.0,25.0,15.0
19324,Habibganj Indore InterCity Express,HBJ,HABIBGANJ,INDB,INDORE JN BG,224.0,4.0,10.0
19325,Indore Amritsar (Weekly) Express,INDB,INDORE JN BG,ASR,AMRITSAR JN,1344.0,27.0,15.0
19326,Amritsar Indore Express,ASR,AMRITSAR JN,INDB,INDORE JN BG,1337.0,24.0,40.0
19327,Ratlam Chittaurgarh Express,RTM,RATLAM JN,COR,CHITTAURGARH,189.0,4.0,10.0
19328,Chittaurgarh Ratlam Express,COR,CHITTAURGARH,RTM,RATLAM JN,189.0,3.0,55.0
19567,TUTICORIN - OKHA Exp,TN,TUTICORIN,OKHA,OKHA,2535.0,46.0,50.0
19568,OKHA - TUTICORIN Exp,OKHA,OKHA,TN,TUTICORIN,2548.0,51.0,25.0
19569,Okha Varanasi Express,OKHA,OKHA,BSB,VARANASI JN,2041.0,39.0,15.0
19570,Varanasi Okha Weekly Express,BSB,VARANASI JN,OKHA,OKHA,2041.0,39.0,40.0
19653,Ratlam-Ajmer Express,RTM,RATLAM JN,AII,AJMER JN,375.0,7.0,30.0
19654,Ajmer-Ratlam Express,AII,AJMER JN,RTM,RATLAM JN,375.0,7.0,30.0
19736,Loharu-Jaipur Intercity Express,LHU,Loharu,JP,JAIPUR,229.0,6.0,55.0
19772,Amritsar - Jaipur Express,ASR,AMRITSAR JN,JP,JAIPUR,872.0,17.0,0.0
19782,Amritsar-Jaipur Express,ASR,AMRITSAR JN,JP,JAIPUR,713.0,13.0,40.0
19911,Mahesana Ahmedabad InterCity Express,MSH,MAHESANA JN,ADI,AHMEDABAD JN,69.0,2.0,5.0
19915,Mahesana Ahmedabad InterCity,MSH,MAHESANA JN,ADI,AHMEDABAD JN,69.0,2.0,5.0
22131,PUNE - MANDUADIH Gyan Ganga Exp,PUNE,PUNE JN,MUV,MANDUADIH,1537.0,27.0,5.0
22132,MANDUADIH - PUNE Gyan Ganga Exp,MUV,MANDUADIH,PUNE,PUNE JN,1537.0,27.0,30.0
22162,Damoh Bhopal Rajya Rani Express,DMO,DAMOH,BPL,BHOPAL JN,291.0,5.0,5.0
22410,Anand ViharT Delhi-Sasaram GaribRath Express,ANVT,ANAND VIHAR TRM,SSM,SASARAM,874.0,13.0,0.0
22424,New Delhi-Guwahati Rajdhani Express,NDLS,NEW DELHI,GHY,GUWAHATI,1879.0,27.0,20.0
22463,Rajasthan Sampark Kranti Express,MTD,MERTA ROAD JN,BKN,BIKANER JN,173.0,3.0,50.0
22471,Bikaner - Delhi Sarai Rohilla SF Intercity Express,BKN,BIKANER JN,DEE,DELHI SARAI ROHILLA,458.0,8.0,10.0
22472,Delhi Sarai Rohilla - Bikaner SF Intercity Express,DEE,DELHI SARAI ROHILLA,BKN,BIKANER JN,458.0,8.0,10.0
22601,CHENNAI CENT - SAINAGAR SHIRDI SF Exp,MAS,CHENNAI CENTRAL,SNSI,SAINAGAR SHIRDI,1392.0,25.0,20.0
22608,BANGALORE - ERNAKULAM Weekly SF Exp,SBC,BANGALORE CITY JN,ERS,ERNAKULAM JN,625.0,11.0,5.0
22681,MYSORE - CHENNAI Weekly SF Exp,MYS,MYSORE JN,MAS,CHENNAI CENTRAL,500.0,9.0,5.0
22682,CHENNAI - MYSORE Weekly SF Exp,MAS,CHENNAI CENTRAL,MYS,MYSORE JN,500.0,9.0,5.0
22811,Bhubaneshwar-New Delhi Rajdhani Express,BBS,BHUBANESWAR,NDLS,NEW DELHI,1724.0,23.0,5.0
22812,New Delhi-Bhubaneswar Rajdhani Express,NDLS,NEW DELHI,BBS,BHUBANESWAR,1724.0,22.0,40.0
22835,Shalimar-Puri Express,SHM,KOLKATA SHALIMAR,PURI,PURI,500.0,8.0,55.0
22836,Puri-Shalimar weekly superfast express,PURI,PURI,SHM,KOLKATA SHALIMAR,500.0,9.0,5.0
22845,PUNE - HATIA SF Exp,PUNE,PUNE JN,HTE,HATIA,1774.0,30.0,25.0
22846,HATIA - PUNE SF Exp,HTE,HATIA,PUNE,PUNE JN,1774.0,30.0,45.0
22855,Santragachi-Tirupati Superfast Express,SRC,SANTRAGACHI JN,TPTY,TIRUPATI MAIN,1597.0,25.0,55.0
22856,TirupatiSantragachi Superfast Express,TPTY,TIRUPATI MAIN,SRC,SANTRAGACHI JN,1597.0,26.0,15.0
22905,Okha Howrah Triweekly SF Express,OKHA,OKHA,HWH,HOWRAH JN,2586.0,46.0,30.0
22403,Puducherry-New Delhi SF Express,PDY,Puducherry,NDLS,NEW DELHI,2384.0,42.0,55.0
22405,Bhagalpur - Delhi AnandVihar T. Garib Rath Express,BGP,BHAGALPUR,ANVT,ANAND VIHAR TRM,1207.0,18.0,55.0
22407,Varanasi-Delhi Anand Vihar Terminus Garib Rath,BSB,VARANASI JN,ANVT,ANAND VIHAR TRM,781.0,14.0,30.0
22408,Delhi Anand Vihar Terminus-Varanasi Garib Rath,ANVT,ANAND VIHAR TRM,BSB,VARANASI JN,781.0,13.0,55.0
22409,Sasaram-Anand ViharT Delhi GariRath Express,SSM,SASARAM,ANVT,ANAND VIHAR TRM,874.0,14.0,35.0
22423,Guwahati-New Delhi Rajdhani Express,GHY,GUWAHATI,NDLS,NEW DELHI,1880.0,27.0,5.0
22447,Khajuraho Nizamuddin Express,KURJ,KHAJURAHO,NZM,DELHI H NIZAMUDDIN,604.0,11.0,10.0
22481,Jodhpur-Delhi Sarai Rohilla Express,JU,JODHPUR JN,DEE,DELHI SARAI ROHILLA,622.0,10.0,35.0
22482,Delhi Sarai Rohilla-Jodhpur Express,DEE,DELHI SARAI ROHILLA,JU,JODHPUR JN,622.0,10.0,45.0
22609,Mangalore - Palghat Intercity Express,MAQ,MANGALORE CNTL,PGT,PALAKKAD,352.0,6.0,15.0
22610,Palghat Mangalore Intercity,PGT,PALAKKAD,MAQ,MANGALORE CNTL,352.0,6.0,15.0
22688,Chandigarh Chennai Express,CDG,CHANDIGARH,MAS,CHENNAI CENTRAL,2509.0,42.0,30.0
22815,Bilaspur-Ernakulam Express,BSP,BILASPUR JN,ERS,ERNAKULAM JN,2155.0,37.0,25.0
22816,Ernakulam-Bilaspur Express,ERS,ERNAKULAM JN,BSP,BILASPUR JN,2156.0,37.0,5.0
22853,Kolkata Shalimar-Visakhapatnam Superfast express,SHM,KOLKATA SHALIMAR,VSKP,VISHAKAPATNAM,880.0,14.0,5.0
22854,Visakhapatnam-Shalimar Express,VSKP,VISHAKAPATNAM,SHM,KOLKATA SHALIMAR,880.0,13.0,45.0
22861,Rajya Rani Express,SHM,KOLKATA SHALIMAR,BQA,BANKURA,229.0,4.0,15.0
22862,Rajya Rani Express,BQA,BANKURA,SHM,KOLKATA SHALIMAR,229.0,4.0,15.0
22926,Paschim Express,KLK,Kalka,BDTS,MUMBAI BANDRA TERMINUS,1676.0,28.0,55.0
22996,Ajmer Bandra SF Express,AII,AJMER JN,BDTS,MUMBAI BANDRA TERMINUS,1017.0,18.0,0.0
12288,DEHRADUN - KOCHUVELI SF Express,DDN,DEHRADUN,KCVL,KOCHUVELI,3459.0,57.0,30.0
12665,HOWRAH - KANNIYAKUMARI SF Exp,HWH,HOWRAH JN,CAPE,KANYAKUMARI,2431.0,43.0,30.0
12778,TRIVANDRUM KOCHUVELI - HUBLI SF Exp,KCVL,KOCHUVELI,UBL,HUBLI JN,1307.0,23.0,55.0
12952,Mumbai Rajdhani Express,NDLS,NEW DELHI,BCT,Mumbai Central,1384.0,16.0,5.0
22404,New Delhi-Puducherry SF Exp,NDLS,NEW DELHI,PDY,Puducherry,2384.0,42.0,55.0
12393,Sampoorna Kranti Express,RJPB,RAJENDRA NAGAR BIHAR,NDLS,NEW DELHI,1001.0,15.0,0.0
19303,InterCity Express,RTM,RATLAM JN,BPL,BHOPAL JN,280.0,5.0,25.0
51116,Dhule Dadar Passenger Composite,DHI,Dhule,DR,MUMBAI DADAR CENTRAL,375.0,8.0,40.0
51117,Katni Chopan Mix Passenger,KTE,KATNI,CPU,CHOPAN,326.0,8.0,50.0
51118,Chopan Katni Passenger,CPU,CHOPAN,KTE,KATNI,326.0,9.0,30.0
51135,Badnera Amravati Passenger,BD,BADNERA JN,AMI,Amravati,6.0,0.0,15.0
51136,Amravati Badnera Passenger,AMI,Amravati,BD,BADNERA JN,6.0,0.0,15.0
51137,Badnera Amravati Passenger,BD,BADNERA JN,AMI,Amravati,9.0,0.0,15.0
51138,Amravati Badnera Passenger,AMI,Amravati,BD,BADNERA JN,6.0,0.0,15.0
51139,Badnera Amravati Passenger,BD,BADNERA JN,AMI,Amravati,6.0,0.0,15.0
51140,Amravati Badnera Passenger,AMI,Amravati,BD,BADNERA JN,6.0,0.0,15.0
51141,Badnera Amravati Passenger,BD,BADNERA JN,AMI,Amravati,6.0,0.0,15.0
51142,Amravati Badnera Passenger,AMI,Amravati,BD,BADNERA JN,6.0,0.0,15.0
51145,Badnera Amravati Mix Passenger,BD,BADNERA JN,AMI,Amravati,6.0,0.0,15.0
51146,Amravati Badnera Passenger,AMI,Amravati,BD,BADNERA JN,6.0,0.0,15.0
51147,Badnera Amravati Passenger,BD,BADNERA JN,AMI,Amravati,6.0,0.0,15.0
51148,Amravati Badnera Passenger,AMI,Amravati,BD,BADNERA JN,6.0,0.0,15.0
51149,Badnera Amravati Passenger,BD,BADNERA JN,AMI,Amravati,6.0,0.0,15.0
51150,Amravati Badnera Passenger,AMI,Amravati,BD,BADNERA JN,6.0,0.0,15.0
51181,Devlali Bhusaval Passenger,DVL,DEVLALI,BSL,BHUSAVAL JN,262.0,5.0,30.0
51182,Bhusaval Devlali Passenger,BSL,BHUSAVAL JN,DVL,DEVLALI,262.0,5.0,45.0
51187,BHUSAVAL - KATNI Passenger,BSL,BHUSAVAL JN,KTE,KATNI,657.0,17.0,55.0
51188,KATNI - BHUSAVAL Passenger,KTE,KATNI,BSL,BHUSAVAL JN,657.0,18.0,40.0
51190,ALLAHABAD - ITARSI Passenger,ALD,ALLAHABAD JN,ET,ITARSI JN,611.0,20.0,30.0
51197,Bhusaval Wardha Passenger,BSL,BHUSAVAL JN,WR,WARDHA JN,314.0,7.0,5.0
51198,Wardha Bhusaval Passenger,WR,WARDHA JN,BSL,BHUSAVAL JN,314.0,9.0,0.0
12434,Delhi H.Nizamuddin-Chennai Central Rajdhani Expres,NZM,DELHI H NIZAMUDDIN,MAS,CHENNAI CENTRAL,2176.0,28.0,15.0
51153,Mumbai Bhusaval Passenger,CSTM,MUMBAI CST,BSL,BHUSAVAL JN,442.0,12.0,30.0
51154,Bhusaval Mumbai Passenger,BSL,BHUSAVAL JN,CSTM,MUMBAI CST,442.0,13.0,10.0
51157,Bhusaval Itarsi Passenger,BSL,BHUSAVAL JN,ET,ITARSI JN,322.0,9.0,25.0
51183,Bhusaval Amravati Passenger,BSL,BHUSAVAL JN,AMI,Amravati,225.0,6.0,0.0
51195,Wardha Balharshah Passenger,WR,WARDHA JN,BPQ,BALHARSHAH,132.0,3.0,15.0
51254,Chhindwara Amla Passenger,CWA,Chhindwara Junction,AMLA,AMLA JN,115.0,3.0,10.0
51255,Junnor Deo Chhindwara Passenger,JNO,Junnor Deo,CWA,Chhindwara Junction,47.0,1.0,30.0
51256,Chhindwara Junnor Deo Passenger,CWA,Chhindwara Junction,JNO,Junnor Deo,47.0,1.0,30.0
51259,Wardha Nagpur Passenger,WR,WARDHA JN,NGP,NAGPUR,78.0,2.0,7.0
51260,Nagpur Wardha Passenger,NGP,NAGPUR,WR,WARDHA JN,78.0,1.0,35.0
51262,Wardha Amravati Passenger,WR,WARDHA JN,AMI,Amravati,101.0,5.0,10.0
51286,Nagpur Bhusaval Passenger,NGP,NAGPUR,BSL,BHUSAVAL JN,392.0,10.0,5.0
51293,Nagpur Amla Passenger,NGP,NAGPUR,AMLA,AMLA JN,168.0,4.0,20.0
51294,Amla Nagpur Passenger,AMLA,AMLA JN,NGP,NAGPUR,168.0,4.0,45.0
51323,Daund Baramati Shuttle,DD,DAUND JN,BRMT,Baramati,44.0,1.0,20.0
51325,Pune-Daund Shuttle,PUNE,PUNE JN,DD,DAUND JN,76.0,1.0,50.0
51327,Daund -Baramati Shuttle.,DD,DAUND JN,BRMT,Baramati,44.0,1.0,20.0
51348,Baramati Daund Passenger,BRMT,Baramati,DD,DAUND JN,43.0,1.0,20.0
51350,Daund-Pune Fast Shuttle,DD,DAUND JN,PUNE,PUNE JN,76.0,1.0,45.0
51353,Pune -Daund Shuttle.,PUNE,PUNE JN,DD,DAUND JN,76.0,1.0,48.0
51401,Pune Manmad Passenger(Via Daund),PUNE,PUNE JN,MMR,MANMAD JN,313.0,9.0,20.0
51402,Manmad-Pune Passenger(Via Daund),MMR,MANMAD JN,PUNE,PUNE JN,313.0,9.0,40.0
51405,Miraj- Castle Rock Passenger,MRJ,MIRAJ JN,CLR,CASTLE ROCK,213.0,5.0,50.0
51406,Castle Rock Miraj Passenge,CLR,CASTLE ROCK,MRJ,MIRAJ JN,213.0,5.0,40.0
51407,Miraj-Kolhapur Passenger,MRJ,MIRAJ JN,KOP,C SHAHU M RAJ KOLHAPUR TERM,47.0,1.0,15.0
51408,Kolhapur Miraj Passenger,KOP,C SHAHU M RAJ KOLHAPUR TERM,MRJ,MIRAJ JN,47.0,1.0,25.0
51411,Bellary-Dharwar Passenger,BAY,BELLARY JN,DWR,DHARWAR,229.0,6.0,15.0
51412,Hubli Bellary Passenger,UBL,HUBLI JN,BAY,BELLARY JN,208.0,5.0,55.0
51417,Karjat Pune Passenger,KJT,KARJAT,PUNE,PUNE JN,91.0,2.0,50.0
51418,Pune Karjat Passenger,PUNE,PUNE JN,KJT,KARJAT,91.0,3.0,10.0
51419,Miraj Hubli Passenger,MRJ,MIRAJ JN,UBL,HUBLI JN,280.0,7.0,30.0
51420,Hubli Miraj Passenger,UBL,HUBLI JN,MRJ,MIRAJ JN,280.0,7.0,15.0
51423,Igatpuri Manmad Shuttle,IGP,IGATPURI,MMR,MANMAD JN,123.0,2.0,25.0
51424,Manmad Igatpuri Shuttle,MMR,MANMAD JN,IGP,IGATPURI,123.0,3.0,10.0
51425,ParliVaijnath-Miraj Passenger,PRLI,PARLI VAIJNATH,MRJ,MIRAJ JN,438.0,11.0,10.0
51426,Miraj-Parli Vaijnath Passenger,MRJ,MIRAJ JN,PRLI,PARLI VAIJNATH,438.0,9.0,30.0
51427,Miraj C Shahu Maharaj Passenger,MRJ,MIRAJ JN,KOP,C SHAHU M RAJ KOLHAPUR TERM,47.0,1.0,20.0
51428,C Shahu Maharaj Miraj Passenger,KOP,C SHAHU M RAJ KOLHAPUR TERM,MRJ,MIRAJ JN,47.0,1.0,15.0
51429,Sangli-Kolhapur Passenger,SLI,SANGLI,KOP,C SHAHU M RAJ KOLHAPUR TERM,54.0,1.0,45.0
51430,C Shahu Maharaj Sangli Passenger,KOP,C SHAHU M RAJ KOLHAPUR TERM,SLI,SANGLI,54.0,1.0,40.0
51431,Miraj -Londa Passenger,MRJ,MIRAJ JN,LD,LONDA JN,189.0,5.0,15.0
51432,Londa-Miraj Passenger,LD,LONDA JN,MRJ,MIRAJ JN,189.0,4.0,35.0
12368,Vikramshila Express,ANVT,ANAND VIHAR TRM,BGP,BHAGALPUR,1206.0,21.0,45.0
51284,Amravati Bhusaval Passenger,AMI,Amravati,BSL,BHUSAVAL JN,225.0,6.0,0.0
51324,Baramati-Daund- Pune Passenger,BRMT,Baramati,PUNE,PUNE JN,119.0,3.0,10.0
51326,Baramati-Daund- Pune Shutte,BRMT,Baramati,PUNE,PUNE JN,120.0,3.0,20.0
51409,Pune -Shree Chatrapati Shahu M(T) Kolhapur Pass,PUNE,PUNE JN,KOP,C SHAHU M RAJ KOLHAPUR TERM,318.0,10.0,15.0
51410,Shree Chatrapati Shahu M(T) Kolhapur- Pune Passenger,KOP,C SHAHU M RAJ KOLHAPUR TERM,PUNE,PUNE JN,318.0,11.0,40.0
51421,Pune-Nizamabad Pass,PUNE,PUNE JN,NZB,NIZAMABAD,771.0,19.0,55.0
51422,Nizamabad Pune Passenger,NZB,NIZAMABAD,PUNE,PUNE JN,759.0,21.0,15.0
51433,Nizamabad Pandharpur Passenger,NZB,NIZAMABAD,PVR,PANDHARPUR,533.0,15.0,50.0
51434,Pandharpur Nizamabad Passenger,PVR,PANDHARPUR,NZB,NIZAMABAD,533.0,17.0,5.0
51441,Satara C Shahu Maharaj Passenger,STR,SATARA,KOP,C SHAHU M RAJ KOLHAPUR TERM,181.0,4.0,30.0
51442,C Shahu Maharaj Pune Passenger,KOP,C SHAHU M RAJ KOLHAPUR TERM,STR,SATARA,181.0,5.0,0.0
51445,Pandharpur Miraj Passenger,PVR,PANDHARPUR,MRJ,MIRAJ JN,137.0,2.0,40.0
51446,Miraj Pandharpur Passenger,MRJ,MIRAJ JN,PVR,PANDHARPUR,137.0,2.0,40.0
51449,Pune Solapur Passenger,PUNE,PUNE JN,SUR,SOLAPUR JN,263.0,7.0,25.0
51450,Solapur Pune Passenger,SUR,SOLAPUR JN,PUNE,PUNE JN,264.0,7.0,15.0
51455,Pune Solapur Passenger,PUNE,PUNE JN,SUR,SOLAPUR JN,264.0,8.0,30.0
51456,Sholapur Pune Passenger,SUR,SOLAPUR JN,PUNE,PUNE JN,263.0,6.0,55.0
51458,Dharwad hubli Passenger,DWR,DHARWAR,UBL,HUBLI JN,21.0,0.0,45.0
51461,Miraj Belgaum Passenger,MRJ,MIRAJ JN,BGM,BELGAUM,137.0,3.0,25.0
51462,Belgaum Miraj Passenger,BGM,BELGAUM,MRJ,MIRAJ JN,137.0,2.0,55.0
51463,Miraj Belgaum Passenger,MRJ,MIRAJ JN,BGM,BELGAUM,137.0,3.0,30.0
51464,Belgaum Miraj Passenger,BGM,BELGAUM,MRJ,MIRAJ JN,137.0,3.0,30.0
51601,Bina Katni Passenger,BINA,BINA JN,KTE,KATNI,263.0,7.0,50.0
51602,Katni Bina Passenger,KTE,KATNI,BINA,BINA JN,263.0,8.0,25.0
51605,Katni Chirmiri Passenger,KTE,KATNI,CHRM,Chirmiri,254.0,8.0,1.0
51607,Bina Guna Passenger,BINA,BINA JN,GUNA,GUNA,118.0,3.0,5.0
51608,Guna Bina Passenger,GUNA,GUNA,BINA,BINA JN,118.0,3.0,25.0
51609,Bina Guna Passenger,BINA,BINA JN,GUNA,GUNA,118.0,3.0,0.0
51610,Guna Bina Passenger,GUNA,GUNA,BINA,BINA JN,118.0,3.0,0.0
51611,KOTA - BINA Passenger,KOTA,KOTA JN,BINA,BINA JN,303.0,9.0,15.0
51612,BINA - KOTA Passenger,BINA,BINA JN,KOTA,KOTA JN,303.0,8.0,35.0
51614,KATNI - KOTA Passenger,KMZ,KATNI MURWARA,KOTA,KOTA JN,455.0,13.0,30.0
51632,Bina Bhopal Passenger,BINA,BINA JN,BPL,BHOPAL JN,138.0,4.0,5.0
51674,SATNA - ITARSI Passenger,STA,SATNA,ET,ITARSI JN,434.0,9.0,45.0
51675,Katni Chopan Fast Passenger,KTE,KATNI,CPU,CHOPAN,326.0,9.0,20.0
51676,Chopan Katni Passenger,CPU,CHOPAN,KTE,KATNI,326.0,8.0,47.0
51677,Chopan Shaktinagar Passenger,CPU,CHOPAN,SKTN,Shakti Nagar,83.0,2.0,20.0
51678,Shaktinagar Chopan Passenger,SKTN,Shakti Nagar,CPU,CHOPAN,83.0,2.0,40.0
51683,Khandwa Bir Shuttle,KNW,KHANDWA,BIR,Bir,33.0,0.0,55.0
51684,Bir Khandwa Shuttle,BIR,Bir,KNW,KHANDWA,33.0,0.0,50.0
51685,Khandwa Bir Shuttle,KNW,KHANDWA,BIR,Bir,33.0,0.0,50.0
51686,Bir Khandwa Shuttle,BIR,Bir,KNW,KHANDWA,33.0,0.0,45.0
51687,Khandwa Bir Shuttle,KNW,KHANDWA,BIR,Bir,33.0,0.0,50.0
51688,Bir Khandwa Shuttle,BIR,Bir,KNW,KHANDWA,33.0,0.0,55.0
51689,Khandwa Bir Shuttle,KNW,KHANDWA,BIR,Bir,33.0,0.0,45.0
51701,JABALPUR - REWA Passenger,JBP,JABALPUR,REWA,REWA,238.0,5.0,40.0
51435,Pune Satara Passenger,PUNE,PUNE JN,STR,SATARA,137.0,4.0,35.0
51436,Satara Pune Passenger,STR,SATARA,PUNE,PUNE JN,137.0,4.0,40.0
51451,Pune-Daund- Baramati Passenger,PUNE,PUNE JN,BRMT,Baramati,120.0,3.0,10.0
51452,Baramati-Daund-Pune Passenger,BRMT,Baramati,PUNE,PUNE JN,120.0,3.0,15.0
51603,Sagar Katni Passenger,SGO,SAUGOR,KTE,KATNI,188.0,4.0,40.0
51690,Bir Khandwa Shuttle,BIR,Bir,KNW,KHANDWA,33.0,0.0,45.0
51751,Rewa Bilaspur Fast Passenger,REWA,REWA,BSP,BILASPUR JN,466.0,13.0,15.0
51752,Bilaspur Rewa Fast Passenger,BSP,BILASPUR JN,REWA,REWA,466.0,12.0,55.0
51753,Rewa Chirmiri Fast Passenger,REWA,REWA,CHRM,Chirmiri,401.0,12.0,25.0
51754,Chirmiri Rewa Fast Passenger,CHRM,Chirmiri,REWA,REWA,401.0,15.0,45.0
51755,Chirmiri Manendragarh Passenger,CHRM,Chirmiri,MDGR,Manendragarh,22.0,1.0,0.0
51756,Manendragarh Chirmiri Passenger,MDGR,Manendragarh,CHRM,Chirmiri,22.0,1.0,0.0
51763,Satna Manikpur Passenger,STA,SATNA,MKP,MANIKPUR JN,77.0,2.0,5.0
51764,Manikpur Satna Passenger,MKP,MANIKPUR JN,STA,SATNA,77.0,1.0,55.0
51765,Satna Manikpur Passenger,STA,SATNA,MKP,MANIKPUR JN,77.0,2.0,20.0
51766,Manikpur Satna Passenger,MKP,MANIKPUR JN,STA,SATNA,77.0,2.0,5.0
51767,Katni Satna Passenger,KTE,KATNI,STA,SATNA,99.0,1.0,50.0
51768,Satna Katni Passenger,STA,SATNA,KTE,KATNI,99.0,2.0,20.0
51777,Gwalior Bhind Passenger,GWL,GWALIOR JN,BIX,BHIND,79.0,2.0,25.0
51778,Bhind Gwalior Passenger,BIX,BHIND,GWL,GWALIOR JN,79.0,2.0,30.0
51779,Gwalior Bhind Passenger,GWL,GWALIOR JN,BIX,BHIND,79.0,2.0,25.0
51780,Bhind Gwalior Passenger,BIX,BHIND,GWL,GWALIOR JN,79.0,2.0,35.0
51801,Mahoba Kanpur Pass,MBA,MAHOBA,CNB,KANPUR CENTRAL,199.0,5.0,5.0
51802,Kanpur Mahoba Passenger,CNB,KANPUR CENTRAL,MBA,MAHOBA,191.0,5.0,5.0
51803,Mahoba Banda Passenger,MBA,MAHOBA,BNDA,BANDA JN,53.0,1.0,5.0
51804,Banda Mahoba Passenger,BNDA,BANDA JN,MBA,MAHOBA,53.0,1.0,5.0
51805,Jhansi Banda Passenger,JHS,JHANSI JN,BNDA,BANDA JN,191.0,4.0,15.0
51806,Banda Jhansi Passenger,BNDA,BANDA JN,JHS,JHANSI JN,191.0,4.0,40.0
51807,Banda Manikpur Passenger,BNDA,BANDA JN,MKP,MANIKPUR JN,99.0,2.0,30.0
51808,Manikpur Banda Passenger,MKP,MANIKPUR JN,BNDA,BANDA JN,99.0,2.0,50.0
51809,Kanpur Tundla Passenger,CNB,KANPUR CENTRAL,TDL,TUNDLA JN,232.0,6.0,5.0
51810,Tundla Kanpur Passenger,TDL,TUNDLA JN,CNB,KANPUR CENTRAL,232.0,7.0,10.0
51811,Bina Jhansi Passenger,BINA,BINA JN,JHS,JHANSI JN,153.0,3.0,55.0
51812,Jhansi Bina Passenger,JHS,JHANSI JN,BINA,BINA JN,153.0,4.0,0.0
51813,Jhansi Lucknow Passenger,JHS,JHANSI JN,LKO,LUCKNOW,294.0,8.0,30.0
51814,Lucknow-Jhansi Passenger,LKO,LUCKNOW,JHS,JHANSI JN,294.0,7.0,45.0
51815,Jhansi Agra Passenger,JHS,JHANSI JN,AGC,AGRA CANTT,216.0,5.0,5.0
51818,BANDIKUI AGRA PASS,BKI,BANDIKUI JN,AF,AGRA FORT,150.0,3.0,45.0
51819,Jhansi Allahabad Passenger,JHS,JHANSI JN,ALD,ALLAHABAD JN,390.0,11.0,35.0
51821,JHANSI - KHUJURAHO Passenger,JHS,JHANSI JN,KURJ,KHAJURAHO,201.0,4.0,45.0
51822,KHUJURAHO - JHANSI Passenger,KURJ,KHAJURAHO,JHS,JHANSI JN,201.0,5.0,40.0
51828,Jhansi Itarsi Passenger,JHS,JHANSI JN,ET,ITARSI JN,383.0,17.0,10.0
51829,Nagpur Itarsi Passenger,NGP,NAGPUR,ET,ITARSI JN,320.0,9.0,45.0
51830,Itarsi Nagpur Passenger,ET,ITARSI JN,NGP,NAGPUR,298.0,8.0,35.0
51831,Jhansi Agra Passenger,JHS,JHANSI JN,AGC,AGRA CANTT,216.0,5.0,15.0
51832,Agra Jhansi Passenger,AGC,AGRA CANTT,JHS,JHANSI JN,216.0,5.0,5.0
51861,Ait Konch Passenger,AIT,AIT,KNH,Konch,13.0,0.0,35.0
51823,Farukhabad Allahabad kanpur Passenger,ALD,ALLAHABAD JN,FBD,FARRUKHABAD,334.0,10.0,0.0
51824,Farrukhabad Allahabad Passenger,FBD,FARRUKHABAD,ALD,ALLAHABAD JN,334.0,10.0,5.0
51825,Kanpur Farrukhabaad Passenger,CNB,KANPUR CENTRAL,FBD,FARRUKHABAD,140.0,4.0,0.0
51826,Farrukhabad Kanpur Passenger,FBD,FARRUKHABAD,CNB,KANPUR CENTRAL,140.0,3.0,50.0
51863,Ait Konch Passenger,AIT,AIT,KNH,Konch,13.0,0.0,35.0
51864,Konch Ait Passenger,KNH,Konch,AIT,AIT,13.0,0.0,35.0
51865,Ait Konch Passenger,AIT,AIT,KNH,Konch,13.0,0.0,35.0
51866,Konch Ait Passenger,KNH,Konch,AIT,AIT,13.0,0.0,35.0
51867,Ait Konch Passenger,AIT,AIT,KNH,Konch,13.0,0.0,35.0
51868,Konch Ait Passenger,KNH,Konch,AIT,AIT,13.0,0.0,35.0
51869,Ait Konch Passenger,AIT,AIT,KNH,Konch,13.0,0.0,35.0
51870,Konch Ait Passenger,KNH,Konch,AIT,AIT,13.0,0.0,35.0
51901,Agra Delhi Passenger,AGC,AGRA CANTT,DLI,OLD DELHI,197.0,7.0,43.0
51902,Delhi Agra Passenger,DLI,OLD DELHI,AGC,AGRA CANTT,197.0,6.0,40.0
51903,Delhi Rohtak Passenger,DLI,OLD DELHI,ROK,ROHTAK JN,70.0,2.0,15.0
51904,Rohtak Delhi Passenger,ROK,ROHTAK JN,DLI,OLD DELHI,70.0,2.0,40.0
51905,Delhi Shamli Passenger,DLI,OLD DELHI,SMQL,SHAMLI,94.0,3.0,25.0
51906,Shamli Delhi Passenger,SMQL,SHAMLI,DLI,OLD DELHI,94.0,2.0,40.0
51907,Shamli Saharanpur Passenger,SMQL,SHAMLI,SRE,SAHARANPUR,70.0,2.0,0.0
51908,Saharanpur Shamli Passenger,SRE,SAHARANPUR,SMQL,SHAMLI,70.0,2.0,15.0
51910,Saharanpur Delhi Passenger,SRE,SAHARANPUR,DLI,OLD DELHI,164.0,5.0,25.0
51911,Delhi Shamli Saharanpur Passenger,DLI,OLD DELHI,SRE,SAHARANPUR,164.0,5.0,0.0
51912,Saharanpur Delhi Passenger,SRE,SAHARANPUR,DLI,OLD DELHI,164.0,5.0,15.0
51913,DELHI - SAHARANPUR Passenger,DLI,OLD DELHI,SRE,SAHARANPUR,164.0,4.0,55.0
51914,SAHARANPUR - DELHI Passenger,SRE,SAHARANPUR,DLI,OLD DELHI,164.0,4.0,45.0
51915,Delhi - Farukh Nagar Passenger,DLI,OLD DELHI,FN,Farukhnagar,52.0,1.0,45.0
51916,Farukh Nagar - Delhi Passenger,FN,Farukhnagar,DLI,OLD DELHI,52.0,1.0,45.0
51971,Mathura Alwar Passenger,MTJ,MATHURA JN,AWR,ALWAR,122.0,2.0,55.0
51972,Alwar Mathura Passenger,AWR,ALWAR,MTJ,MATHURA JN,122.0,3.0,0.0
51973,Mathura Alwar Bandikui Passenger,MTJ,MATHURA JN,BKI,BANDIKUI JN,183.0,4.0,35.0
51974,Bandikui Mathura Passenger,BKI,BANDIKUI JN,MTJ,MATHURA JN,183.0,4.0,20.0
51975,Kasganj-Mathura Passenger,KSJ,KASGANJ,MTJ,MATHURA JN,105.0,2.0,5.0
51976,Mathura-KasGanj Passenger,MTJ,MATHURA JN,KSJ,KASGANJ,105.0,2.0,15.0
51881,Gwalior Agra Fast Passenger,GWL,GWALIOR JN,AGC,AGRA CANTT,118.0,2.0,55.0
51883,Bina Gwalior Passenger,BINA,BINA JN,GWL,GWALIOR JN,345.0,10.0,30.0
51884,Gwalior Bina Passenger,GWL,GWALIOR JN,BINA,BINA JN,345.0,9.0,25.0
22464,Rajasthan Sampark Kranti Express,BKN,BIKANER JN,DEE,DELHI SARAI ROHILLA,685.0,12.0,20.0
51196,Ballarshah Wardha Mumbai Passenger,BPQ,BALHARSHAH,CSTM,MUMBAI CST,891.0,18.0,30.0
19306,Shipra Express,HWH,HOWRAH JN,INDB,INDORE JN BG,1754.0,31.0,55.0
22308,Bikaner-Howrah SF Express,BKN,BIKANER JN,HWH,HOWRAH JN,1882.0,33.0,15.0
51816,Agra Jhansi Passenger,AGC,AGRA CANTT,JHS,JHANSI JN,216.0,6.0,0.0
11107,Gwalior-Varanasi Bundelkhand Express,GWL,GWALIOR JN,BSB,VARANASI JN,624.0,14.0,10.0
51253,Amla Chhindwara Passenger,AMLA,AMLA JN,CWA,Chhindwara Junction,115.0,4.0,0.0
51882,Agra Gwalior Fast Passenger,AGC,AGRA CANTT,GWL,GWALIOR JN,118.0,2.0,40.0
19916,Ahmedabad Mahesana InterCity,ADI,AHMEDABAD JN,MSH,MAHESANA JN,69.0,2.0,5.0
12285,Secunderabad- Hazrat Nizamuddin Duronto Express,SC,SECUNDERABAD JN,NZM,DELHI H NIZAMUDDIN,1660.0,21.0,5.0
12918,Gujarat Sampark Kranti Express,NZM,DELHI H NIZAMUDDIN,ADI,AHMEDABAD JN,1085.0,16.0,30.0
22111,Bhusaval Nagpur (Triweekly) Express,BSL,BHUSAVAL JN,NGP,NAGPUR,604.0,10.0,25.0
51111,Chalisgaon Dhule Mix Passenger,CSN,CHALISGAON JN,DHI,Dhule,56.0,1.0,15.0
51113,Chalisgaon Dhule Mix Passenger,CSN,CHALISGAON JN,DHI,Dhule,56.0,1.0,15.0
51114,Dhule Chalisgaon Mix Passenger,DHI,Dhule,CSN,CHALISGAON JN,56.0,1.0,15.0
51115,Chalisgaon Dhule Mix Passenger,CSN,CHALISGAON JN,DHI,Dhule,56.0,1.0,15.0
51886,DAMOH BINA PASS,DMO,DAMOH,BINA,BINA JN,152.0,3.0,35.0
51239,Amla Betul Passenger,AMLA,AMLA JN,BZU,BETUL,23.0,0.0,35.0
12374,RAMPURHAT - SEALDAH Intercity SF Exp,RPH,RAMPUR HAT,SDAH,KOLKATA SEALDAH,,,
12373,SEALDAH - RAMPURHAT Intercity SF Exp,SDAH,KOLKATA SEALDAH,RPH,RAMPUR HAT,,,
11272,BHOPAL - ITARSI Vindhyachal Exp,BPL,BHOPAL JN,ET,ITARSI JN,738.0,18.0,20.0
12163,DADAR - CHENNAI EGMORE SF Exp,DR,MUMBAI DADAR CENTRAL,MS,CHENNAI EGMORE,,,
12164,DADAR - CHENNAI EGMORE SF Exp,MS,CHENNAI EGMORE,DR,MUMBAI DADAR CENTRAL,,,
12319,KOLKATA CHITPUR - AGRA CANTT SF Exp,KOAA,KOLKATA CHITPUR,AGC,AGRA CANTT,1405.0,22.0,50.0
12403,Allahabad Mathura SF Express,ALD,ALLAHABAD JN,MTJ,MATHURA JN,507.0,8.0,50.0
12407,NEW JALPAIGURI - AMRITSAR Karmabhoomi Exp,NJP,NEW JALPAIGURI,ASR,AMRITSAR JN,1823.0,33.0,10.0
12495,BIKANER - KOLKATA CHITPUR Pratap Exp,BKN,BIKANER JN,KOAA,KOLKATA CHITPUR,1873.0,31.0,45.0
12513,SECUNDERABAD - GUWAHATI Exp,SC,SECUNDERABAD JN,GHY,GUWAHATI,2551.0,46.0,20.0
12591,GORAKHPUR - YESVANTPUR SF Exp,GKP,GORAKHPUR JN,YPR,YESVANTPUR JN,2547.0,46.0,5.0
12624,Tiruvananthapuram Chennai SF Mail,TVC,TRIVANDRUM CENTRAL,MAS,CHENNAI CENTRAL,909.0,16.0,25.0
12661,CHENNAI EGMORE - SENGOTTAI Pothigai SF Exp,MS,CHENNAI EGMORE,SCT,SENGOTTAI,670.0,12.0,10.0
12709,Simhapuri SF Express,GDR,GUDUR JN,SC,SECUNDERABAD JN,644.0,10.0,45.0
12735,SECUNDERABAD - YESVANTPUR Garib Rath Exp,SC,SECUNDERABAD JN,YPR,YESVANTPUR JN,,,
12736,YESVANTPUR - SECUNDERABAD Garib Rath Exp,YPR,YESVANTPUR JN,SC,SECUNDERABAD JN,,,
12835,HATIA - YESVANTPUR SF Exp,HTE,HATIA,YPR,YESVANTPUR JN,1904.0,34.0,40.0
12836,YESVANTPUR - HATIA SF Exp,YPR,YESVANTPUR JN,HTE,HATIA,1904.0,34.0,45.0
12840,Chennai-Howrah SF Mail,MAS,CHENNAI CENTRAL,HWH,HOWRAH JN,1662.0,28.0,30.0
12889,TATANAGAR - YESVANTPUR SF Exp,TATA,TATANAGAR JN,YPR,YESVANTPUR JN,,,
12890,YESVANTPUR - TATANAGAR SF Exp,YPR,YESVANTPUR JN,TATA,TATANAGAR JN,,,
12993,GANDHIDHAM - PURI SF Exp,GIMB,GANDHIDHAM BG,PURI,PURI,2283.0,41.0,30.0
12994,PURI - GANDHIDHAM SF Exp,PURI,PURI,GIMB,GANDHIDHAM BG,2283.0,41.0,30.0
51158,Itarsi Bhusaval Passenger,ET,ITARSI JN,BSL,BHUSAVAL JN,322.0,13.0,15.0
51671,ITARSI - KATNI Fast Passenger,ET,ITARSI JN,KTE,KATNI,335.0,6.0,5.0
51827,Itarsi Jhansi Passenger,ET,ITARSI JN,JHS,JHANSI JN,383.0,14.0,40.0
12689,CHENNAI CENTRAL - NAGERCOIL SF Exp,MAS,CHENNAI CENTRAL,NCJ,NAGERCOIL JN,927.0,16.0,50.0
51285,Bhusaval Nagpur Passenger,BSL,BHUSAVAL JN,NGP,NAGPUR,392.0,13.0,15.0
12221,PUNE - HOWRAH AC Duronto Exp,PUNE,PUNE JN,HWH,HOWRAH JN,2020.0,28.0,25.0
12488,Seemanchal Express,ANVT,ANAND VIHAR TRM,JBN,JOGBANI,1383.0,24.0,25.0
12786,Bangalore-Kacheguda SF Express,SBC,BANGALORE CITY JN,KCG,KACHEGUDA,625.0,11.0,20.0
12797,Venkatadri SF Express,KCG,KACHEGUDA,CTO,CHITTOOR,707.0,12.0,50.0
12798,Venkatadri SF Express,CTO,CHITTOOR,KCG,KACHEGUDA,707.0,12.0,50.0
51347,Pune - Daund - Baramati Passenger,PUNE,PUNE JN,BRMT,Baramati,120.0,3.0,15.0
12240,Jaipur-Mumbai Central AC Duronto Express,JP,JAIPUR,BCT,Mumbai Central,1159.0,16.0,50.0
12335,BHAGALPUR - MUMBAI LTT SF Exp,BGP,BHAGALPUR,LTT,LOKMANYA TILAK TERM,1917.0,35.0,0.0
12349,Bhagalpur-NewDelhi Weekly SF Express,BGP,BHAGALPUR,NDLS,NEW DELHI,1220.0,19.0,30.0
12409,Gondwana Express,RIG,RAIGARH,NZM,DELHI H NIZAMUDDIN,1626.0,27.0,55.0
12980,Jaipur - Mumbai Bandra (T.) (Triweekly) SF Express,JP,JAIPUR,BDTS,MUMBAI BANDRA TERMINUS,1148.0,17.0,50.0
22406,AnandVihar Terminal-Bhagalpur Garib Rath,ANVT,ANAND VIHAR TRM,BGP,BHAGALPUR,1207.0,18.0,30.0
11701,JABALPUR - INDORE Intercity Exp,JBP,JABALPUR,INDB,INDORE JN BG,761.0,15.0,40.0
11265,JABALPUR - AMBIKAPUR Exp,JBP,JABALPUR,ABKP,AMBIKAPUR,433.0,8.0,55.0
12121,JABALPUR - DELHI H NIZAMUDDIN S Kranti Exp,JBP,JABALPUR,NZM,DELHI H NIZAMUDDIN,909.0,13.0,55.0
12142,PATLIPUTRA - MUMBAI LTT SF Exp,PPTA,PATLIPUTRA,LTT,LOKMANYA TILAK TERM,1714.0,28.0,50.0
12394,Sampoorna Kranti Express,NDLS,NEW DELHI,RJPB,RAJENDRA NAGAR BIHAR,1001.0,14.0,5.0
12555,Gorakhdham Express,GKP,GORAKHPUR JN,HSR,Hisar,962.0,17.0,25.0
12257,Yesvantapur Kochuveli Garib Rath Express,YPR,YESVANTPUR JN,KCVL,KOCHUVELI,808.0,15.0,40.0
12182,AJMER - JABALPUR Dayodaya Express,AII,AJMER JN,JBP,JABALPUR,894.0,15.0,40.0
12346,GUWAHATI - HOWRAH Saraighat SF Exp,GHY,GUWAHATI,HWH,HOWRAH JN,1020.0,16.0,25.0
12283,ERNAKULAM - DELHI H NIZAMUDDIN Duronto Exp,ERS,ERNAKULAM JN,NZM,DELHI H NIZAMUDDIN,2943.0,44.0,0.0
12146,PURI - MUMBAI LTT SF Exp,PURI,PURI,LTT,LOKMANYA TILAK TERM,1818.0,32.0,25.0
12471,Mumbai Bandra (T.) - Jammu Tawi SF Swaraj Express,BDTS,MUMBAI BANDRA TERMINUS,JAT,JAMMU TAWI,1950.0,30.0,50.0
12317,KOLKATA SEALDAH - AMRITSAR Akal Takht Exp,SDAH,KOLKATA SEALDAH,ASR,AMRITSAR JN,1898.0,33.0,10.0
12619,MUMBAI LTT - MANGALORE CENT Matsyagandha Exp,LTT,LOKMANYA TILAK TERM,MAQ,MANGALORE CNTL,1185.0,16.0,10.0
12193,Bhopal Partapgarh Express,BPL,BHOPAL JN,PBH,PARTAPGARH JN,756.0,13.0,40.0
12258,Kochuveli-Yesvantpur Garib Rath,KCVL,KOCHUVELI,YPR,YESVANTPUR JN,808.0,16.0,30.0
12165,MUMBAI LTT - VARANASI Ratnagiri Exp,LTT,LOKMANYA TILAK TERM,BSB,VARANASI JN,1483.0,25.0,45.0
12615,Grand Trunk (GT) Express,MAS,CHENNAI CENTRAL,NDLS,NEW DELHI,2184.0,35.0,5.0
12286,Hazrat Nizamuddin-Secunderabad Duronto Express,NZM,DELHI H NIZAMUDDIN,SC,SECUNDERABAD JN,1660.0,22.0,10.0
12395,RajendraNagar-Ajmer Ibadat Express,RJPB,RAJENDRA NAGAR BIHAR,AII,AJMER JN,1305.0,20.0,35.0
12463,Rajasthan Sampark Kranti Express,DEE,DELHI SARAI ROHILLA,JU,JODHPUR JN,616.0,9.0,50.0
12227,Mumbai Central- Indore Duronto Express,BCT,Mumbai Central,INDB,INDORE JN BG,829.0,12.0,0.0
12181,JABALPUR - AJMER Dayodaya Exp,JBP,JABALPUR,AII,AJMER JN,896.0,15.0,15.0
12350,NewDelhi-Bhagalpur Weekly SF Express,NDLS,NEW DELHI,BGP,BHAGALPUR,1220.0,20.0,15.0
12263,Pune - Hazrat Nizamuddin AC Duronto Express,PUNE,PUNE JN,NZM,DELHI H NIZAMUDDIN,1520.0,20.0,5.0
12546,MUMBAI LTT - RAXAUL Karmabhoomi Exp,LTT,LOKMANYA TILAK TERM,RXL,RAXAUL JN,1882.0,33.0,50.0
12336,MUMBAI LTT - BHAGALPUR SF Exp,LTT,LOKMANYA TILAK TERM,BGP,BHAGALPUR,1917.0,34.0,25.0
12467,Bikaner Jaipur InterCity,BKN,BIKANER JN,JP,JAIPUR,382.0,6.0,40.0
12315,Ananya Express,SDAH,KOLKATA SEALDAH,UDZ,UDAIPUR CITY,2141.0,37.0,50.0
12580,Puri Digha Samudra Kanya Super Fast Express,PURI,PURI,DGHA,Digha Flag Station,549.0,9.0,55.0
12633,CHENNAI EGMORE - KANNIYAKUMARI SF Exp,MS,CHENNAI EGMORE,CAPE,KANYAKUMARI,742.0,13.0,20.0
12542,Mumbai LTT-Gorakhpur SF Express,LTT,LOKMANYA TILAK TERM,GKP,GORAKHPUR JN,1680.0,30.0,35.0
12653,Tiruchirappalli Mangalore Weekly Superfast Express,TPJ,TIRUCHIRAPPALLI,MAQ,MANGALORE CNTL,635.0,11.0,25.0
12636,MADURAI - CHENNAI EGMORE Vaigai SF Exp,MDU,MADURAI JN,MS,CHENNAI EGMORE,497.0,7.0,50.0
12561,Swatantrata Sainani Express,DBG,DARBHANGA JN,NDLS,NEW DELHI,1166.0,21.0,0.0
12641,KANYAKUMARI - D H NIZAMUDDIN Thirukkural Exp,CAPE,KANYAKUMARI,NZM,DELHI H NIZAMUDDIN,2922.0,46.0,45.0
12739,Visakhapatnam Secunderabad Garib Rath Express,VSKP,VISHAKAPATNAM,SC,SECUNDERABAD JN,701.0,11.0,40.0
12652,DELHI H NIZAMUDDIN - MADURAI Tamil Nadu S Kranti,NZM,DELHI H NIZAMUDDIN,MDU,MADURAI JN,2677.0,44.0,20.0
12782,Nizamuddin-Mysore Swarna Jayanti Express,NZM,DELHI H NIZAMUDDIN,MYS,MYSORE JN,2617.0,47.0,5.0
12684,BANGALORE - ERNAKULAM SF Exp,SBC,BANGALORE CITY JN,ERS,ERNAKULAM JN,625.0,11.0,5.0
12803,Visakhapatnam-Nizamuddin SwarnaJayanthi Express,VSKP,VISHAKAPATNAM,NZM,DELHI H NIZAMUDDIN,2097.0,32.0,35.0
12810,HOWRAH - MUMBAI CST SF Mail (via NAGPUR),HWH,HOWRAH JN,CSTM,MUMBAI CST,1968.0,33.0,10.0
12826,Jharkhand Sampark Kranti Express,NDLS,NEW DELHI,RNC,RANCHI,1309.0,21.0,45.0
12846,BENGALURU CANTT - BHUBANESWAR SF Exp,BNC,BANGALORE CANT,BBS,BHUBANESWAR,1524.0,27.0,15.0
12847,Howrah-Digha AC Duronto Express,HWH,HOWRAH JN,DGHA,Digha Flag Station,189.0,3.0,0.0
12848,Digha-Howrah AC Duronto Express,DGHA,Digha Flag Station,HWH,HOWRAH JN,189.0,3.0,0.0
12849,Bilaspur Pune SF Express,BSP,BILASPUR JN,PUNE,PUNE JN,1301.0,22.0,10.0
12850,Pune Bilaspur Superfast Express,PUNE,PUNE JN,BSP,BILASPUR JN,1301.0,23.0,10.0
12851,Bilaspur-Chennai Express,BSP,BILASPUR JN,MAS,CHENNAI CENTRAL,1413.0,24.0,0.0
12852,Chennai-Bilaspur Express,MAS,CHENNAI CENTRAL,BSP,BILASPUR JN,1413.0,23.0,5.0
12853,DURG - BHOPAL Amarkantak SF Exp,DURG,DURG,BPL,BHOPAL JN,894.0,16.0,10.0
12854,BHOPAL - DURG Amarkantak SF Exp,BPL,BHOPAL JN,DURG,DURG,894.0,16.0,10.0
12855,Bilaspur-Nagpur InterCity,BSP,BILASPUR JN,NGP,NAGPUR,411.0,6.0,45.0
12856,Nagpur-Bilaspur InterCity,NGP,NAGPUR,BSP,BILASPUR JN,411.0,7.0,0.0
12857,Tamralipta Express,HWH,HOWRAH JN,DGHA,Digha Flag Station,189.0,3.0,20.0
12858,Tamralipta Express,DGHA,Digha Flag Station,HWH,HOWRAH JN,189.0,3.0,25.0
12859,MUMBAI CST - HOWRAH Gitanjali Exp,CSTM,MUMBAI CST,HWH,HOWRAH JN,1968.0,30.0,30.0
12860,HOWRAH - MUMBAI CST Gitanjali Exp,HWH,HOWRAH JN,CSTM,MUMBAI CST,1968.0,31.0,30.0
12861,Link Superfast Express,VSKP,VISHAKAPATNAM,NZM,DELHI H NIZAMUDDIN,2097.0,36.0,50.0
12862,LINK SUPERFAST EXPRESS,KZJ,KAZIPET JN,VSKP,VISHAKAPATNAM,567.0,11.0,0.0
12863,HOWRAH - YESVANTPUR SF Exp,HWH,HOWRAH JN,YPR,YESVANTPUR JN,1963.0,35.0,20.0
12864,YESVANTPUR - HOWRAH SF Exp,YPR,YESVANTPUR JN,HWH,HOWRAH JN,1963.0,34.0,35.0
12865,Lalmati Express,HWH,HOWRAH JN,PRR,PURULIA JN,340.0,5.0,45.0
12866,Lalmati Express,PRR,PURULIA JN,HWH,HOWRAH JN,340.0,5.0,45.0
12867,Howrah-Puducherry Express,HWH,HOWRAH JN,PDY,Puducherry,1907.0,33.0,20.0
12868,Puducherry-Howrah (Aurobindo) Express,PDY,Puducherry,HWH,HOWRAH JN,1907.0,33.0,55.0
12950,K SANTRAGANCHI - PORBANDAR Kavi Guru SF Exp,SRC,SANTRAGACHI JN,PBR,PORBANDAR,2658.0,47.0,35.0
12878,New Delhi-Ranchi Garib Rath,NDLS,NEW DELHI,RNC,RANCHI,1344.0,18.0,30.0
12987,Sealdah Ajmer Express,SDAH,KOLKATA SEALDAH,AII,AJMER JN,1642.0,27.0,25.0
12869,MUMBAI CST - HOWRAH SF Exp,CSTM,MUMBAI CST,HWH,HOWRAH JN,1968.0,32.0,25.0
12953,MumbaiCentral-H Nizamuddin August Kranti Rajdhani Express,BCT,Mumbai Central,NZM,DELHI H NIZAMUDDIN,1377.0,17.0,15.0
12905,PORBANDAR - HOWRAH SF Exp,PBR,PORBANDAR,HWH,HOWRAH JN,2551.0,45.0,15.0
12870,HOWRAH - MUMBAI CST SF Exp,HWH,HOWRAH JN,CSTM,MUMBAI CST,1968.0,32.0,55.0
12972,Bhavnagar Bandra Express,BVC,BHAVNAGAR TERMINUS,BDTS,MUMBAI BANDRA TERMINUS,778.0,14.0,5.0
12906,HOWRAH - PORBANDAR SF Exp,HWH,HOWRAH JN,PBR,PORBANDAR,2551.0,44.0,5.0
12871,HOWRAH - TITLAGARH Ispat Exp,HWH,HOWRAH JN,TIG,TITLAGARH,745.0,13.0,25.0
22823,BHUBANESWAR - NEW DELHI RAJDHANI Express,BBS,BHUBANESWAR,NDLS,NEW DELHI,1800.0,25.0,20.0
19106,Haridwar-Ahmedabad Mail,HW,HARIDWAR JN,ADI,AHMEDABAD JN,1207.0,25.0,30.0
22824,NEW DELHI - BHUBANESWAR Rajdhani Exp (Via Bokaro),NDLS,NEW DELHI,BBS,BHUBANESWAR,1800.0,24.0,10.0
51189,ITARSI - ALLAHABAD Passenger,ET,ITARSI JN,ALD,ALLAHABAD JN,612.0,25.0,35.0
51606,Chirmiri Katni Passenger,CHRM,Chirmiri,DMO,DAMOH,360.0,12.0,30.0
19115,MUMBAI BANDRA - BHUJ Sayaji Nagari Exp,BDTS,MUMBAI BANDRA TERMINUS,BHUJ,BHUJ,839.0,16.0,50.0
22161,Bhopal Damoh Rajya Rani exp,BPL,BHOPAL JN,DMO,DAMOH,291.0,5.0,15.0
51862,Konch Ait Passenger,KNH,Konch,AIT,AIT,13.0,0.0,35.0
51261,Amravati Wardha Passenger,AMI,Amravati,WR,WARDHA JN,101.0,2.0,50.0
51112,Dhule Chalisgaon Mix Passenger,DHI,Dhule,CSN,CHALISGAON JN,56.0,1.0,15.0
51820,Allahabad Jhansi Passenger,ALD,ALLAHABAD JN,JHS,JHANSI JN,390.0,11.0,50.0
51702,REWA - JABALPUR PASSENGER,REWA,REWA,JBP,JABALPUR,238.0,6.0,25.0
51673,ITARSI - SATNA Passenger,ET,ITARSI JN,STA,SATNA,434.0,8.0,40.0
51240,Betul Amla Passenger,BZU,BETUL,AMLA,AMLA JN,23.0,0.0,40.0
51885,BINA DAMOH PASS,BINA,BINA JN,DMO,DAMOH,152.0,3.0,50.0
51909,Delhi Shamli Saharanpur Passenger,DLI,OLD DELHI,SRE,SAHARANPUR,164.0,5.0,50.0
51613,KOTA - KATNI Passenger,KOTA,KOTA JN,KTE,KATNI,455.0,17.0,55.0
